instance	g	run	solution	time	status
atex1	2	1	1650.00	0.09	OK
atex1	2	2	1650.00	0.07	OK
atex1	2	3	1650.00	0.08	OK
atex1	2	4	1650.00	0.09	OK
atex1	2	5	1650.00	0.08	OK
atex1	2	6	1650.00	0.09	OK
atex1	2	7	1650.00	0.10	OK
atex1	2	8	1650.00	0.08	OK
atex1	2	9	1650.00	0.09	OK
atex1	2	10	1650.00	0.09	OK
atex1	5	1	1597.00	0.10	OK
atex1	5	2	1597.00	0.11	OK
atex1	5	3	1597.00	0.11	OK
atex1	5	4	1597.00	0.10	OK
atex1	5	5	1597.00	0.11	OK
atex1	5	6	1597.00	0.11	OK
atex1	5	7	1597.00	0.12	OK
atex1	5	8	1597.00	0.11	OK
atex1	5	9	1597.00	0.10	OK
atex1	5	10	1597.00	0.10	OK
atex1	8	1	1597.00	0.14	OK
atex1	8	2	1597.00	0.13	OK
atex1	8	3	1597.00	0.14	OK
atex1	8	4	1597.00	0.13	OK
atex1	8	5	1597.00	0.14	OK
atex1	8	6	1597.00	0.13	OK
atex1	8	7	1597.00	0.14	OK
atex1	8	8	1597.00	0.15	OK
atex1	8	9	1597.00	0.14	OK
atex1	8	10	1597.00	0.14	OK
atex3	2	1	1580.00	0.39	OK
atex3	2	2	1580.00	0.44	OK
atex3	2	3	1580.00	0.38	OK
atex3	2	4	1580.00	0.42	OK
atex3	2	5	1580.00	0.37	OK
atex3	2	6	1580.00	0.42	OK
atex3	2	7	1580.00	0.40	OK
atex3	2	8	1580.00	0.36	OK
atex3	2	9	1580.00	0.34	OK
atex3	2	10	1580.00	0.34	OK
atex3	5	1	1943.00	0.86	OK
atex3	5	2	1943.00	0.90	OK
atex3	5	3	1943.00	0.97	OK
atex3	5	4	1943.00	0.99	OK
atex3	5	5	1943.00	1.04	OK
atex3	5	6	1943.00	1.04	OK
atex3	5	7	1943.00	1.09	OK
atex3	5	8	1943.00	0.77	OK
atex3	5	9	1943.00	0.80	OK
atex3	5	10	1943.00	1.13	OK
atex3	8	1	2464.00	1.24	OK
atex3	8	2	2464.00	1.35	OK
atex3	8	3	2464.00	1.28	OK
atex3	8	4	2464.00	1.30	OK
atex3	8	5	2464.00	1.27	OK
atex3	8	6	2464.00	1.30	OK
atex3	8	7	2464.00	1.38	OK
atex3	8	8	2464.00	1.33	OK
atex3	8	9	2464.00	1.41	OK
atex3	8	10	2464.00	1.53	OK
atex4	2	1	2350.00	1.51	OK
atex4	2	2	2350.00	1.69	OK
atex4	2	3	2350.00	1.71	OK
atex4	2	4	2350.00	1.64	OK
atex4	2	5	2350.00	1.57	OK
atex4	2	6	2350.00	2.50	OK
atex4	2	7	2350.00	1.54	OK
atex4	2	8	2350.00	1.52	OK
atex4	2	9	2350.00	1.46	OK
atex4	2	10	2350.00	1.51	OK
atex4	5	1	2327.00	2.61	OK
atex4	5	2	2327.00	2.81	OK
atex4	5	3	2327.00	2.77	OK
atex4	5	4	2327.00	2.77	OK
atex4	5	5	2327.00	2.65	OK
atex4	5	6	2327.00	2.56	OK
atex4	5	7	2327.00	2.75	OK
atex4	5	8	2327.00	2.94	OK
atex4	5	9	2327.00	3.67	OK
atex4	5	10	2327.00	2.87	OK
atex4	8	1	2573.00	69.86	OK
atex4	8	2	2573.00	69.23	OK
atex4	8	3	2573.00	68.45	OK
atex4	8	4	2573.00	68.02	OK
atex4	8	5	2573.00	68.47	OK
atex4	8	6	2573.00	68.64	OK
atex4	8	7	2573.00	68.38	OK
atex4	8	8	2573.00	68.16	OK
atex4	8	9	2573.00	68.34	OK
atex4	8	10	2573.00	67.94	OK
atex5	2	1	3288.00	3.01	OK
atex5	2	2	3288.00	3.64	OK
atex5	2	3	3288.00	5.32	OK
atex5	2	4	3288.00	4.25	OK
atex5	2	5	3288.00	3.72	OK
atex5	2	6	3288.00	3.68	OK
atex5	2	7	3288.00	3.51	OK
atex5	2	8	3288.00	3.70	OK
atex5	2	9	3288.00	3.84	OK
atex5	2	10	3288.00	3.83	OK
atex5	5	1	3281.00	8.85	OK
atex5	5	2	3341.00	6.78	OK
atex5	5	3	3341.00	7.17	OK
atex5	5	4	3281.00	7.64	OK
atex5	5	5	3341.00	7.82	OK
atex5	5	6	3281.00	6.23	OK
atex5	5	7	3341.00	6.52	OK
atex5	5	8	3281.00	6.50	OK
atex5	5	9	3341.00	6.44	OK
atex5	5	10	3281.00	8.06	OK
atex5	8	1	3765.00	12.35	OK
atex5	8	2	3797.00	12.61	OK
atex5	8	3	3797.00	13.56	OK
atex5	8	4	3797.00	12.62	OK
atex5	8	5	3797.00	14.11	OK
atex5	8	6	3765.00	12.53	OK
atex5	8	7	3797.00	12.71	OK
atex5	8	8	3765.00	13.61	OK
atex5	8	9	3797.00	12.46	OK
atex5	8	10	3765.00	13.81	OK
br17	2	1	39.00	0.24	OK
br17	2	2	39.00	0.30	OK
br17	2	3	39.00	0.35	OK
br17	2	4	39.00	0.35	OK
br17	2	5	39.00	0.35	OK
br17	2	6	39.00	0.35	OK
br17	2	7	39.00	0.36	OK
br17	2	8	39.00	0.40	OK
br17	2	9	39.00	0.37	OK
br17	2	10	39.00	0.35	OK
br17	5	1	39.00	0.29	OK
br17	5	2	39.00	0.29	OK
br17	5	3	39.00	0.31	OK
br17	5	4	39.00	0.29	OK
br17	5	5	39.00	0.29	OK
br17	5	6	39.00	0.30	OK
br17	5	7	39.00	0.29	OK
br17	5	8	39.00	0.29	OK
br17	5	9	39.00	0.29	OK
br17	5	10	39.00	0.29	OK
br17	8	1	39.00	0.23	OK
br17	8	2	39.00	0.24	OK
br17	8	3	39.00	0.23	OK
br17	8	4	39.00	0.24	OK
br17	8	5	39.00	0.23	OK
br17	8	6	39.00	0.23	OK
br17	8	7	39.00	0.23	OK
br17	8	8	39.00	0.23	OK
br17	8	9	39.00	0.24	OK
br17	8	10	39.00	0.23	OK
code198	2	1	844.00	1339.15	OK
code198	2	2	844.00	1228.65	OK
code198	2	3	844.00	1225.62	OK
code198	2	4	844.00	1229.63	OK
code198	2	5	844.00	1228.71	OK
code198	2	6	844.00	1227.33	OK
code198	2	7	844.00	1224.83	OK
code198	2	8	844.00	1226.64	OK
code198	2	9	844.00	1226.55	OK
code198	2	10	844.00	1223.11	OK
code198	5	1	1635.00	1359.15	OK
code198	5	2	1635.00	1324.66	OK
code198	5	3	1635.00	1292.97	OK
code198	5	4	1635.00	1301.43	OK
code198	5	5	1635.00	1314.78	OK
code198	5	6	1635.00	1311.82	OK
code198	5	7	1635.00	1286.38	OK
code198	5	8	1635.00	1318.38	OK
code198	5	9	1635.00	1342.05	OK
code198	5	10	1635.00	1350.22	OK
code198	8	1	1634.00	955.25	OK
code198	8	2	1634.00	879.01	OK
code198	8	3	1634.00	880.05	OK
code198	8	4	1634.00	880.30	OK
code198	8	5	1634.00	882.22	OK
code198	8	6	1634.00	880.02	OK
code198	8	7	1634.00	879.85	OK
code198	8	8	1634.00	880.48	OK
code198	8	9	1634.00	881.43	OK
code198	8	10	1634.00	879.16	OK
code253	2	1	16522.00	644.48	OK
code253	2	2	16522.00	635.13	OK
code253	2	3	16522.00	631.68	OK
code253	2	4	16522.00	632.52	OK
code253	2	5	16522.00	633.88	OK
code253	2	6	16522.00	637.28	OK
code253	2	7	16522.00	655.52	OK
code253	2	8	16522.00	635.62	OK
code253	2	9	16522.00	662.37	OK
code253	2	10	16522.00	704.93	OK
code253	5	1	32857.00	1674.74	OK
code253	5	2	32857.00	1675.50	OK
code253	5	3	32857.00	1673.19	OK
code253	5	4	32857.00	1675.80	OK
code253	5	5	32857.00	1676.62	OK
code253	5	6	32857.00	1675.23	OK
code253	5	7	32857.00	1678.76	OK
code253	5	8	32857.00	1684.27	OK
code253	5	9	32857.00	1676.94	OK
code253	5	10	32857.00	1678.15	OK
code253	8	1	55802.00	2181.04	OK
code253	8	2	55802.00	2186.36	OK
code253	8	3	55802.00	2200.47	OK
code253	8	4	55802.00	2180.55	OK
code253	8	5	55802.00	2173.45	OK
code253	8	6	55802.00	2173.19	OK
code253	8	7	55802.00	2169.89	OK
code253	8	8	55802.00	2177.64	OK
code253	8	9	55802.00	2170.14	OK
code253	8	10	55802.00	2167.40	OK
crane100_0	2	1	1549950.00	4.27	OK
crane100_0	2	2	1549950.00	4.84	OK
crane100_0	2	3	1549950.00	4.60	OK
crane100_0	2	4	1549950.00	4.57	OK
crane100_0	2	5	1549950.00	4.57	OK
crane100_0	2	6	1549950.00	4.56	OK
crane100_0	2	7	1549950.00	4.55	OK
crane100_0	2	8	1549950.00	4.54	OK
crane100_0	2	9	1549950.00	4.60	OK
crane100_0	2	10	1549950.00	4.57	OK
crane100_0	5	1	3523211.00	7.53	OK
crane100_0	5	2	3523211.00	7.51	OK
crane100_0	5	3	3523211.00	7.51	OK
crane100_0	5	4	3523211.00	7.47	OK
crane100_0	5	5	3523211.00	7.50	OK
crane100_0	5	6	3520331.00	7.60	OK
crane100_0	5	7	3523211.00	7.50	OK
crane100_0	5	8	3523211.00	7.49	OK
crane100_0	5	9	3523211.00	7.45	OK
crane100_0	5	10	3523211.00	7.49	OK
crane100_0	8	1	5504231.00	22.54	OK
crane100_0	8	2	5504231.00	22.26	OK
crane100_0	8	3	5457564.00	22.26	OK
crane100_0	8	4	5504231.00	22.40	OK
crane100_0	8	5	5457654.00	22.62	OK
crane100_0	8	6	5504231.00	22.45	OK
crane100_0	8	7	5457654.00	22.46	OK
crane100_0	8	8	5504231.00	22.49	OK
crane100_0	8	9	5504231.00	22.41	OK
crane100_0	8	10	5504231.00	22.20	OK
crane100_1	2	1	1029922.00	5.50	OK
crane100_1	2	2	1029922.00	5.46	OK
crane100_1	2	3	1029922.00	5.57	OK
crane100_1	2	4	1029922.00	5.49	OK
crane100_1	2	5	1029922.00	5.50	OK
crane100_1	2	6	1029922.00	5.43	OK
crane100_1	2	7	1029922.00	5.43	OK
crane100_1	2	8	1029922.00	5.51	OK
crane100_1	2	9	1029922.00	5.44	OK
crane100_1	2	10	1029922.00	5.50	OK
crane100_1	5	1	2729374.00	10.94	OK
crane100_1	5	2	2729374.00	10.92	OK
crane100_1	5	3	2729374.00	10.99	OK
crane100_1	5	4	2729374.00	10.89	OK
crane100_1	5	5	2729374.00	11.25	OK
crane100_1	5	6	2729374.00	10.98	OK
crane100_1	5	7	2729374.00	10.86	OK
crane100_1	5	8	2729374.00	11.07	OK
crane100_1	5	9	2729374.00	10.97	OK
crane100_1	5	10	2729374.00	11.02	OK
crane100_1	8	1	4977741.00	23.08	OK
crane100_1	8	2	4977741.00	23.21	OK
crane100_1	8	3	4977741.00	23.02	OK
crane100_1	8	4	4977741.00	23.24	OK
crane100_1	8	5	4977741.00	23.36	OK
crane100_1	8	6	4977741.00	23.20	OK
crane100_1	8	7	4977741.00	23.09	OK
crane100_1	8	8	4977741.00	23.13	OK
crane100_1	8	9	4977741.00	23.10	OK
crane100_1	8	10	5056129.00	22.80	OK
crane100_2	2	1	1318394.00	5.33	OK
crane100_2	2	2	1318394.00	5.36	OK
crane100_2	2	3	1318394.00	5.39	OK
crane100_2	2	4	1318394.00	5.28	OK
crane100_2	2	5	1318394.00	5.34	OK
crane100_2	2	6	1318394.00	5.37	OK
crane100_2	2	7	1318394.00	5.32	OK
crane100_2	2	8	1318394.00	5.42	OK
crane100_2	2	9	1318394.00	5.36	OK
crane100_2	2	10	1318394.00	5.34	OK
crane100_2	5	1	3164913.00	10.44	OK
crane100_2	5	2	3164913.00	10.45	OK
crane100_2	5	3	3164913.00	10.42	OK
crane100_2	5	4	3164913.00	10.66	OK
crane100_2	5	5	3196170.00	10.36	OK
crane100_2	5	6	3097154.00	10.45	OK
crane100_2	5	7	3164913.00	10.55	OK
crane100_2	5	8	3164913.00	10.58	OK
crane100_2	5	9	3097154.00	10.42	OK
crane100_2	5	10	3207800.00	10.09	OK
crane100_2	8	1	5402760.00	23.26	OK
crane100_2	8	2	5445861.00	23.20	OK
crane100_2	8	3	5445861.00	23.32	OK
crane100_2	8	4	5445861.00	23.21	OK
crane100_2	8	5	5402760.00	23.25	OK
crane100_2	8	6	5445861.00	23.24	OK
crane100_2	8	7	5445861.00	23.26	OK
crane100_2	8	8	5402760.00	23.32	OK
crane100_2	8	9	5445861.00	23.18	OK
crane100_2	8	10	5402760.00	23.36	OK
crane100_3	2	1	1623586.00	6.02	OK
crane100_3	2	2	1623586.00	6.02	OK
crane100_3	2	3	1623586.00	6.07	OK
crane100_3	2	4	1623586.00	6.07	OK
crane100_3	2	5	1623586.00	6.06	OK
crane100_3	2	6	1623586.00	5.98	OK
crane100_3	2	7	1623586.00	6.07	OK
crane100_3	2	8	1623586.00	6.00	OK
crane100_3	2	9	1623586.00	5.98	OK
crane100_3	2	10	1623586.00	6.02	OK
crane100_3	5	1	3034582.00	14.27	OK
crane100_3	5	2	3034582.00	14.16	OK
crane100_3	5	3	3034582.00	14.64	OK
crane100_3	5	4	3034582.00	14.29	OK
crane100_3	5	5	3034582.00	14.17	OK
crane100_3	5	6	3034582.00	14.29	OK
crane100_3	5	7	3034582.00	14.26	OK
crane100_3	5	8	3034582.00	14.19	OK
crane100_3	5	9	3034582.00	14.19	OK
crane100_3	5	10	3034582.00	14.37	OK
crane100_3	8	1	4984391.00	26.42	OK
crane100_3	8	2	4984391.00	26.31	OK
crane100_3	8	3	4984391.00	26.55	OK
crane100_3	8	4	4984391.00	26.57	OK
crane100_3	8	5	4935485.00	26.52	OK
crane100_3	8	6	4984391.00	26.46	OK
crane100_3	8	7	4954050.00	26.57	OK
crane100_3	8	8	4984391.00	26.41	OK
crane100_3	8	9	4935485.00	26.64	OK
crane100_3	8	10	4984391.00	26.25	OK
crane100_4	2	1	1185142.00	5.50	OK
crane100_4	2	2	1185142.00	5.51	OK
crane100_4	2	3	1185142.00	5.51	OK
crane100_4	2	4	1185142.00	5.54	OK
crane100_4	2	5	1185142.00	5.59	OK
crane100_4	2	6	1185142.00	5.49	OK
crane100_4	2	7	1185142.00	5.61	OK
crane100_4	2	8	1185142.00	5.67	OK
crane100_4	2	9	1185142.00	5.49	OK
crane100_4	2	10	1185142.00	5.64	OK
crane100_4	5	1	3124013.00	10.19	OK
crane100_4	5	2	3131677.00	10.41	OK
crane100_4	5	3	3124013.00	10.23	OK
crane100_4	5	4	3124013.00	10.28	OK
crane100_4	5	5	3124013.00	10.22	OK
crane100_4	5	6	3124013.00	10.21	OK
crane100_4	5	7	3124013.00	10.22	OK
crane100_4	5	8	3124013.00	10.21	OK
crane100_4	5	9	3124013.00	10.45	OK
crane100_4	5	10	3124013.00	10.15	OK
crane100_4	8	1	5385236.00	26.53	OK
crane100_4	8	2	5385236.00	26.56	OK
crane100_4	8	3	5385236.00	26.64	OK
crane100_4	8	4	5385236.00	26.36	OK
crane100_4	8	5	5383226.00	26.48	OK
crane100_4	8	6	5385236.00	26.62	OK
crane100_4	8	7	5385236.00	28.55	OK
crane100_4	8	8	5385236.00	30.70	OK
crane100_4	8	9	5385236.00	30.67	OK
crane100_4	8	10	5385236.00	26.59	OK
crane100_5	2	1	1361295.00	6.96	OK
crane100_5	2	2	1361295.00	6.90	OK
crane100_5	2	3	1361295.00	6.95	OK
crane100_5	2	4	1361295.00	6.91	OK
crane100_5	2	5	1361295.00	6.96	OK
crane100_5	2	6	1361295.00	7.02	OK
crane100_5	2	7	1378391.00	6.84	OK
crane100_5	2	8	1361295.00	7.04	OK
crane100_5	2	9	1361295.00	6.89	OK
crane100_5	2	10	1361295.00	6.95	OK
crane100_5	5	1	3196254.00	13.06	OK
crane100_5	5	2	3196254.00	13.26	OK
crane100_5	5	3	3196254.00	13.09	OK
crane100_5	5	4	3149266.00	13.05	OK
crane100_5	5	5	3196254.00	13.05	OK
crane100_5	5	6	3196254.00	13.08	OK
crane100_5	5	7	3196254.00	13.15	OK
crane100_5	5	8	3196254.00	13.03	OK
crane100_5	5	9	3196254.00	13.22	OK
crane100_5	5	10	3123771.00	13.30	OK
crane100_5	8	1	5811347.00	29.62	OK
crane100_5	8	2	5811347.00	29.40	OK
crane100_5	8	3	5811347.00	29.49	OK
crane100_5	8	4	5811347.00	29.52	OK
crane100_5	8	5	5811347.00	29.47	OK
crane100_5	8	6	5811347.00	29.32	OK
crane100_5	8	7	5811347.00	29.43	OK
crane100_5	8	8	5811347.00	29.51	OK
crane100_5	8	9	5811347.00	29.62	OK
crane100_5	8	10	5811347.00	29.83	OK
crane100_6	2	1	1026234.00	5.53	OK
crane100_6	2	2	1026234.00	5.59	OK
crane100_6	2	3	1026234.00	5.52	OK
crane100_6	2	4	1026234.00	5.70	OK
crane100_6	2	5	1026234.00	5.61	OK
crane100_6	2	6	1026234.00	5.60	OK
crane100_6	2	7	1026234.00	5.55	OK
crane100_6	2	8	1026234.00	5.65	OK
crane100_6	2	9	1026234.00	5.52	OK
crane100_6	2	10	1026234.00	5.55	OK
crane100_6	5	1	2527399.00	11.34	OK
crane100_6	5	2	2523157.00	11.34	OK
crane100_6	5	3	2523157.00	11.28	OK
crane100_6	5	4	2489934.00	11.25	OK
crane100_6	5	5	2523157.00	11.20	OK
crane100_6	5	6	2523157.00	11.22	OK
crane100_6	5	7	2472668.00	11.40	OK
crane100_6	5	8	2472668.00	11.37	OK
crane100_6	5	9	2472668.00	11.29	OK
crane100_6	5	10	2472668.00	11.33	OK
crane100_6	8	1	4628477.00	25.72	OK
crane100_6	8	2	4628477.00	25.80	OK
crane100_6	8	3	4628477.00	25.68	OK
crane100_6	8	4	4628477.00	25.35	OK
crane100_6	8	5	4628477.00	25.72	OK
crane100_6	8	6	4628477.00	25.58	OK
crane100_6	8	7	4628477.00	25.75	OK
crane100_6	8	8	4628477.00	25.61	OK
crane100_6	8	9	4628477.00	25.81	OK
crane100_6	8	10	4628477.00	25.61	OK
crane100_7	2	1	1397662.00	5.89	OK
crane100_7	2	2	1397662.00	5.85	OK
crane100_7	2	3	1397662.00	5.86	OK
crane100_7	2	4	1397662.00	5.99	OK
crane100_7	2	5	1397662.00	5.93	OK
crane100_7	2	6	1388279.00	5.85	OK
crane100_7	2	7	1397662.00	5.85	OK
crane100_7	2	8	1397662.00	5.83	OK
crane100_7	2	9	1397662.00	5.87	OK
crane100_7	2	10	1397662.00	5.84	OK
crane100_7	5	1	2858676.00	11.00	OK
crane100_7	5	2	2858676.00	10.95	OK
crane100_7	5	3	2840131.00	10.83	OK
crane100_7	5	4	2858676.00	10.89	OK
crane100_7	5	5	2858676.00	10.87	OK
crane100_7	5	6	2858676.00	10.87	OK
crane100_7	5	7	2858676.00	11.01	OK
crane100_7	5	8	2858676.00	10.95	OK
crane100_7	5	9	2858676.00	10.87	OK
crane100_7	5	10	2858676.00	10.85	OK
crane100_7	8	1	4856474.00	23.84	OK
crane100_7	8	2	4856474.00	23.59	OK
crane100_7	8	3	4856474.00	23.69	OK
crane100_7	8	4	4856474.00	23.58	OK
crane100_7	8	5	4856474.00	23.60	OK
crane100_7	8	6	4856474.00	23.51	OK
crane100_7	8	7	4784945.00	24.09	OK
crane100_7	8	8	4856474.00	23.70	OK
crane100_7	8	9	4856474.00	23.61	OK
crane100_7	8	10	4856474.00	23.81	OK
crane100_8	2	1	1565953.00	5.86	OK
crane100_8	2	2	1565953.00	5.78	OK
crane100_8	2	3	1565953.00	5.85	OK
crane100_8	2	4	1517869.00	5.75	OK
crane100_8	2	5	1565953.00	5.80	OK
crane100_8	2	6	1565953.00	5.73	OK
crane100_8	2	7	1565953.00	5.82	OK
crane100_8	2	8	1565953.00	5.74	OK
crane100_8	2	9	1565953.00	5.75	OK
crane100_8	2	10	1565953.00	5.76	OK
crane100_8	5	1	3207449.00	11.10	OK
crane100_8	5	2	3247908.00	11.09	OK
crane100_8	5	3	3188001.00	11.47	OK
crane100_8	5	4	3247908.00	11.08	OK
crane100_8	5	5	3188001.00	11.43	OK
crane100_8	5	6	3188001.00	11.52	OK
crane100_8	5	7	3247908.00	11.09	OK
crane100_8	5	8	3188001.00	11.43	OK
crane100_8	5	9	3207449.00	11.20	OK
crane100_8	5	10	3188001.00	11.38	OK
crane100_8	8	1	5327400.00	28.24	OK
crane100_8	8	2	5346059.00	28.69	OK
crane100_8	8	3	5346059.00	28.84	OK
crane100_8	8	4	5346059.00	28.73	OK
crane100_8	8	5	5346059.00	28.67	OK
crane100_8	8	6	5327400.00	28.09	OK
crane100_8	8	7	5346059.00	28.70	OK
crane100_8	8	8	5327400.00	28.21	OK
crane100_8	8	9	5346059.00	28.51	OK
crane100_8	8	10	5327400.00	28.41	OK
crane100_9	2	1	1338360.00	5.94	OK
crane100_9	2	2	1380692.00	5.94	OK
crane100_9	2	3	1380692.00	5.93	OK
crane100_9	2	4	1338360.00	5.94	OK
crane100_9	2	5	1380692.00	5.94	OK
crane100_9	2	6	1338360.00	5.99	OK
crane100_9	2	7	1380692.00	5.95	OK
crane100_9	2	8	1380692.00	5.94	OK
crane100_9	2	9	1380692.00	5.93	OK
crane100_9	2	10	1380692.00	5.95	OK
crane100_9	5	1	3014990.00	10.38	OK
crane100_9	5	2	3000930.00	10.51	OK
crane100_9	5	3	3000930.00	10.43	OK
crane100_9	5	4	3000930.00	10.69	OK
crane100_9	5	5	3000930.00	10.50	OK
crane100_9	5	6	3000930.00	10.51	OK
crane100_9	5	7	3000930.00	10.51	OK
crane100_9	5	8	3000930.00	10.44	OK
crane100_9	5	9	3000930.00	10.53	OK
crane100_9	5	10	3000930.00	10.42	OK
crane100_9	8	1	4735258.00	23.16	OK
crane100_9	8	2	4735258.00	23.64	OK
crane100_9	8	3	4735258.00	23.32	OK
crane100_9	8	4	4735258.00	23.27	OK
crane100_9	8	5	4760141.00	23.13	OK
crane100_9	8	6	4760141.00	23.14	OK
crane100_9	8	7	4735258.00	23.17	OK
crane100_9	8	8	4735258.00	23.08	OK
crane100_9	8	9	4735258.00	23.33	OK
crane100_9	8	10	4735258.00	23.54	OK
crane316_10	2	1	2058530.00	173.32	OK
crane316_10	2	2	2058530.00	176.24	OK
crane316_10	2	3	2058530.00	173.76	OK
crane316_10	2	4	2058530.00	174.23	OK
crane316_10	2	5	2058530.00	174.63	OK
crane316_10	2	6	2058530.00	173.07	OK
crane316_10	2	7	2058530.00	173.34	OK
crane316_10	2	8	2058530.00	172.15	OK
crane316_10	2	9	2058530.00	173.90	OK
crane316_10	2	10	2058530.00	173.21	OK
crane316_10	5	1	5287831.00	456.19	OK
crane316_10	5	2	5330806.00	449.34	OK
crane316_10	5	3	5323620.00	451.39	OK
crane316_10	5	4	5323620.00	448.17	OK
crane316_10	5	5	5330806.00	450.28	OK
crane316_10	5	6	5287831.00	457.57	OK
crane316_10	5	7	5288540.00	448.57	OK
crane316_10	5	8	5287831.00	460.74	OK
crane316_10	5	9	5330806.00	449.39	OK
crane316_10	5	10	5287831.00	458.49	OK
crane316_10	8	1	9210380.00	1610.31	OK
crane316_10	8	2	9210380.00	1616.84	OK
crane316_10	8	3	9210380.00	1608.54	OK
crane316_10	8	4	9210380.00	1616.57	OK
crane316_10	8	5	9210380.00	1608.66	OK
crane316_10	8	6	9210380.00	1618.02	OK
crane316_10	8	7	9210380.00	1608.75	OK
crane316_10	8	8	9210380.00	1609.89	OK
crane316_10	8	9	9210380.00	1600.26	OK
crane316_10	8	10	9210380.00	1606.92	OK
crane316_11	2	1	2243169.00	147.49	OK
crane316_11	2	2	2314978.00	143.53	OK
crane316_11	2	3	2243169.00	146.88	OK
crane316_11	2	4	2243169.00	146.04	OK
crane316_11	2	5	2243169.00	146.52	OK
crane316_11	2	6	2243169.00	146.51	OK
crane316_11	2	7	2243169.00	147.44	OK
crane316_11	2	8	2243169.00	146.60	OK
crane316_11	2	9	2243169.00	146.78	OK
crane316_11	2	10	2243169.00	146.55	OK
crane316_11	5	1	5303814.00	453.21	OK
crane316_11	5	2	5303814.00	455.84	OK
crane316_11	5	3	5303814.00	452.65	OK
crane316_11	5	4	5303814.00	453.54	OK
crane316_11	5	5	5303814.00	453.23	OK
crane316_11	5	6	5303814.00	453.03	OK
crane316_11	5	7	5303814.00	455.73	OK
crane316_11	5	8	5303814.00	454.45	OK
crane316_11	5	9	5303814.00	455.09	OK
crane316_11	5	10	5303814.00	455.40	OK
crane316_11	8	1	9185319.00	1588.38	OK
crane316_11	8	2	9185319.00	1586.17	OK
crane316_11	8	3	9185319.00	1592.37	OK
crane316_11	8	4	9185319.00	1606.71	OK
crane316_11	8	5	9314132.00	1586.20	OK
crane316_11	8	6	9185319.00	1596.69	OK
crane316_11	8	7	9185319.00	1586.72	OK
crane316_11	8	8	9185319.00	1605.66	OK
crane316_11	8	9	9185319.00	1596.18	OK
crane316_11	8	10	9185319.00	1588.57	OK
crane316_12	2	1	2203105.00	158.96	OK
crane316_12	2	2	2203105.00	162.23	OK
crane316_12	2	3	2203105.00	161.72	OK
crane316_12	2	4	2203105.00	160.47	OK
crane316_12	2	5	2203105.00	159.55	OK
crane316_12	2	6	2203105.00	159.31	OK
crane316_12	2	7	2203105.00	159.22	OK
crane316_12	2	8	2203105.00	159.67	OK
crane316_12	2	9	2203105.00	157.98	OK
crane316_12	2	10	2203105.00	158.79	OK
crane316_12	5	1	5298647.00	509.17	OK
crane316_12	5	2	5298647.00	508.75	OK
crane316_12	5	3	5298647.00	507.71	OK
crane316_12	5	4	5298647.00	509.25	OK
crane316_12	5	5	5298647.00	507.77	OK
crane316_12	5	6	5298647.00	508.38	OK
crane316_12	5	7	5298647.00	509.72	OK
crane316_12	5	8	5298647.00	509.43	OK
crane316_12	5	9	5298647.00	508.37	OK
crane316_12	5	10	5298647.00	514.41	OK
crane316_12	8	1	8727751.00	1595.49	OK
crane316_12	8	2	8727751.00	1596.38	OK
crane316_12	8	3	8727751.00	1585.56	OK
crane316_12	8	4	8727751.00	1587.78	OK
crane316_12	8	5	8727751.00	1595.23	OK
crane316_12	8	6	8727751.00	1595.26	OK
crane316_12	8	7	8727751.00	1588.58	OK
crane316_12	8	8	8727751.00	1590.01	OK
crane316_12	8	9	8727751.00	1584.16	OK
crane316_12	8	10	8727751.00	1588.38	OK
crane316_13	2	1	1992175.00	168.06	OK
crane316_13	2	2	1992175.00	168.85	OK
crane316_13	2	3	1992175.00	168.24	OK
crane316_13	2	4	1992175.00	168.03	OK
crane316_13	2	5	1992175.00	166.98	OK
crane316_13	2	6	1992175.00	167.25	OK
crane316_13	2	7	1992175.00	168.95	OK
crane316_13	2	8	1992175.00	170.28	OK
crane316_13	2	9	1992175.00	168.60	OK
crane316_13	2	10	1992175.00	168.54	OK
crane316_13	5	1	5130066.00	435.63	OK
crane316_13	5	2	5130066.00	430.71	OK
crane316_13	5	3	5130066.00	430.72	OK
crane316_13	5	4	5130066.00	433.15	OK
crane316_13	5	5	5130066.00	434.61	OK
crane316_13	5	6	5130066.00	431.48	OK
crane316_13	5	7	5130066.00	434.80	OK
crane316_13	5	8	5130066.00	435.33	OK
crane316_13	5	9	5130066.00	435.35	OK
crane316_13	5	10	5130066.00	439.46	OK
crane316_13	8	1	8484573.00	1671.70	OK
crane316_13	8	2	8484573.00	1674.41	OK
crane316_13	8	3	8484573.00	1715.80	OK
crane316_13	8	4	8484573.00	1663.56	OK
crane316_13	8	5	8484573.00	1660.27	OK
crane316_13	8	6	8484573.00	1660.87	OK
crane316_13	8	7	8484573.00	1644.01	OK
crane316_13	8	8	8484573.00	1624.87	OK
crane316_13	8	9	8484573.00	1595.85	OK
crane316_13	8	10	8484573.00	1575.40	OK
crane316_14	2	1	2130322.00	155.12	OK
crane316_14	2	2	2104417.00	158.51	OK
crane316_14	2	3	2104417.00	157.41	OK
crane316_14	2	4	2130322.00	159.75	OK
crane316_14	2	5	2019548.00	161.83	OK
crane316_14	2	6	2112452.00	161.20	OK
crane316_14	2	7	2104417.00	158.62	OK
crane316_14	2	8	2130322.00	164.33	OK
crane316_14	2	9	2112452.00	159.60	OK
crane316_14	2	10	2130322.00	157.28	OK
crane316_14	5	1	4980818.00	505.01	OK
crane316_14	5	2	4980818.00	498.73	OK
crane316_14	5	3	4980818.00	506.50	OK
crane316_14	5	4	4980818.00	497.41	OK
crane316_14	5	5	4980818.00	513.92	OK
crane316_14	5	6	4980818.00	507.19	OK
crane316_14	5	7	4980818.00	508.24	OK
crane316_14	5	8	4980818.00	503.39	OK
crane316_14	5	9	4980818.00	512.22	OK
crane316_14	5	10	4980818.00	506.48	OK
crane316_14	8	1	8652073.00	1566.87	OK
crane316_14	8	2	8652073.00	1596.18	OK
crane316_14	8	3	8652073.00	1606.14	OK
crane316_14	8	4	8652073.00	1635.35	OK
crane316_14	8	5	8652073.00	1629.35	OK
crane316_14	8	6	8652073.00	1638.25	OK
crane316_14	8	7	8652073.00	1644.28	OK
crane316_14	8	8	8652073.00	1643.24	OK
crane316_14	8	9	8431114.00	1640.36	OK
crane316_14	8	10	8652073.00	1641.94	OK
crane316_15	2	1	2362091.00	166.57	OK
crane316_15	2	2	2362091.00	166.34	OK
crane316_15	2	3	2362091.00	166.62	OK
crane316_15	2	4	2362091.00	166.94	OK
crane316_15	2	5	2362091.00	165.70	OK
crane316_15	2	6	2362091.00	165.98	OK
crane316_15	2	7	2362091.00	166.18	OK
crane316_15	2	8	2320157.00	166.95	OK
crane316_15	2	9	2362091.00	167.20	OK
crane316_15	2	10	2362091.00	166.04	OK
crane316_15	5	1	5590166.00	506.56	OK
crane316_15	5	2	5584211.00	509.96	OK
crane316_15	5	3	5584211.00	508.24	OK
crane316_15	5	4	5584211.00	508.10	OK
crane316_15	5	5	5579554.00	506.79	OK
crane316_15	5	6	5584211.00	508.22	OK
crane316_15	5	7	5584211.00	510.36	OK
crane316_15	5	8	5584211.00	577.17	OK
crane316_15	5	9	5584211.00	509.88	OK
crane316_15	5	10	5584211.00	508.44	OK
crane316_15	8	1	9334336.00	1883.00	OK
crane316_15	8	2	9334336.00	1882.35	OK
crane316_15	8	3	9334336.00	1891.54	OK
crane316_15	8	4	9334336.00	1890.41	OK
crane316_15	8	5	9334336.00	1901.70	OK
crane316_15	8	6	9334336.00	1888.47	OK
crane316_15	8	7	9334336.00	1890.39	OK
crane316_15	8	8	9334336.00	1884.84	OK
crane316_15	8	9	9334336.00	1888.73	OK
crane316_15	8	10	9334336.00	1894.92	OK
crane316_16	2	1	2334411.00	177.69	OK
crane316_16	2	2	2334411.00	201.92	OK
crane316_16	2	3	2243200.00	179.03	OK
crane316_16	2	4	2334411.00	178.15	OK
crane316_16	2	5	2334411.00	177.25	OK
crane316_16	2	6	2334411.00	177.53	OK
crane316_16	2	7	2334411.00	177.95	OK
crane316_16	2	8	2334411.00	179.12	OK
crane316_16	2	9	2334411.00	177.35	OK
crane316_16	2	10	2334411.00	177.95	OK
crane316_16	5	1	5558347.00	491.96	OK
crane316_16	5	2	5558347.00	489.58	OK
crane316_16	5	3	5554108.00	497.29	OK
crane316_16	5	4	5558347.00	499.27	OK
crane316_16	5	5	5558347.00	491.12	OK
crane316_16	5	6	5558347.00	494.14	OK
crane316_16	5	7	5648235.00	511.92	OK
crane316_16	5	8	5558347.00	495.48	OK
crane316_16	5	9	5558347.00	494.05	OK
crane316_16	5	10	5558347.00	489.12	OK
crane316_16	8	1	9093783.00	1688.48	OK
crane316_16	8	2	9093783.00	1682.04	OK
crane316_16	8	3	9093783.00	1693.87	OK
crane316_16	8	4	9093783.00	1692.64	OK
crane316_16	8	5	9039735.00	1669.51	OK
crane316_16	8	6	8817906.00	1675.95	OK
crane316_16	8	7	9039735.00	1670.89	OK
crane316_16	8	8	9027871.00	1661.65	OK
crane316_16	8	9	9093783.00	1657.61	OK
crane316_16	8	10	9027871.00	1629.05	OK
crane316_17	2	1	2352436.00	152.20	OK
crane316_17	2	2	2352436.00	151.74	OK
crane316_17	2	3	2352436.00	151.75	OK
crane316_17	2	4	2308106.00	158.47	OK
crane316_17	2	5	2352436.00	155.51	OK
crane316_17	2	6	2352436.00	152.06	OK
crane316_17	2	7	2352436.00	153.63	OK
crane316_17	2	8	2352436.00	155.55	OK
crane316_17	2	9	2352436.00	158.68	OK
crane316_17	2	10	2352436.00	153.66	OK
crane316_17	5	1	5687196.00	462.35	OK
crane316_17	5	2	5687196.00	456.94	OK
crane316_17	5	3	5687196.00	450.10	OK
crane316_17	5	4	5826126.00	461.12	OK
crane316_17	5	5	5826126.00	459.56	OK
crane316_17	5	6	5826126.00	458.86	OK
crane316_17	5	7	5826126.00	455.83	OK
crane316_17	5	8	5687196.00	453.18	OK
crane316_17	5	9	5687196.00	453.06	OK
crane316_17	5	10	5826126.00	459.90	OK
crane316_17	8	1	9487336.00	1854.61	OK
crane316_17	8	2	9487336.00	1856.88	OK
crane316_17	8	3	9487336.00	1836.55	OK
crane316_17	8	4	9487336.00	1839.99	OK
crane316_17	8	5	9487336.00	1852.98	OK
crane316_17	8	6	9395660.00	1935.75	OK
crane316_17	8	7	9487336.00	1886.04	OK
crane316_17	8	8	9487336.00	1879.57	OK
crane316_17	8	9	9487336.00	1888.19	OK
crane316_17	8	10	9487336.00	1894.63	OK
crane316_18	2	1	1999619.00	144.80	OK
crane316_18	2	2	1999619.00	144.79	OK
crane316_18	2	3	2089780.00	148.68	OK
crane316_18	2	4	1999619.00	144.47	OK
crane316_18	2	5	1999619.00	145.02	OK
crane316_18	2	6	1999619.00	144.15	OK
crane316_18	2	7	2089780.00	148.52	OK
crane316_18	2	8	1999619.00	144.23	OK
crane316_18	2	9	2089780.00	149.03	OK
crane316_18	2	10	1999619.00	144.82	OK
crane316_18	5	1	5246865.00	395.00	OK
crane316_18	5	2	5246865.00	392.71	OK
crane316_18	5	3	5246865.00	393.11	OK
crane316_18	5	4	5246865.00	393.94	OK
crane316_18	5	5	5246865.00	393.78	OK
crane316_18	5	6	5246865.00	400.77	OK
crane316_18	5	7	5246865.00	396.77	OK
crane316_18	5	8	5246865.00	395.22	OK
crane316_18	5	9	5246865.00	398.45	OK
crane316_18	5	10	5246865.00	395.05	OK
crane316_18	8	1	8891600.00	1698.11	OK
crane316_18	8	2	8891600.00	1705.70	OK
crane316_18	8	3	8891600.00	1699.08	OK
crane316_18	8	4	8891600.00	1698.02	OK
crane316_18	8	5	8891600.00	1709.05	OK
crane316_18	8	6	8891600.00	1703.64	OK
crane316_18	8	7	8891600.00	1706.90	OK
crane316_18	8	8	8891600.00	1702.96	OK
crane316_18	8	9	8891600.00	1699.58	OK
crane316_18	8	10	8891600.00	1699.57	OK
crane316_19	2	1	1936990.00	146.68	OK
crane316_19	2	2	1936990.00	147.40	OK
crane316_19	2	3	1936990.00	148.40	OK
crane316_19	2	4	1936990.00	148.92	OK
crane316_19	2	5	1936990.00	147.04	OK
crane316_19	2	6	1925398.00	147.80	OK
crane316_19	2	7	1936990.00	147.64	OK
crane316_19	2	8	1936990.00	148.68	OK
crane316_19	2	9	1936990.00	147.49	OK
crane316_19	2	10	1936990.00	148.10	OK
crane316_19	5	1	5244445.00	439.51	OK
crane316_19	5	2	5293200.00	438.45	OK
crane316_19	5	3	5293200.00	435.79	OK
crane316_19	5	4	5293200.00	438.39	OK
crane316_19	5	5	5244445.00	437.78	OK
crane316_19	5	6	5219256.00	437.79	OK
crane316_19	5	7	5293200.00	437.23	OK
crane316_19	5	8	5293200.00	435.59	OK
crane316_19	5	9	5293200.00	437.16	OK
crane316_19	5	10	5202892.00	439.06	OK
crane316_19	8	1	9032617.00	1505.57	OK
crane316_19	8	2	9032617.00	1506.63	OK
crane316_19	8	3	9032617.00	1514.74	OK
crane316_19	8	4	9032617.00	1516.35	OK
crane316_19	8	5	9032617.00	1508.51	OK
crane316_19	8	6	9032617.00	1500.74	OK
crane316_19	8	7	9032617.00	1459.71	OK
crane316_19	8	8	9032617.00	1426.03	OK
crane316_19	8	9	9032617.00	1418.06	OK
crane316_19	8	10	9032617.00	1387.61	OK
crane66_0	2	1	1346799.00	1.19	OK
crane66_0	2	2	1346799.00	1.21	OK
crane66_0	2	3	1346799.00	1.21	OK
crane66_0	2	4	1346799.00	1.21	OK
crane66_0	2	5	1346799.00	1.24	OK
crane66_0	2	6	1346799.00	1.24	OK
crane66_0	2	7	1346799.00	1.24	OK
crane66_0	2	8	1346799.00	1.26	OK
crane66_0	2	9	1346799.00	1.38	OK
crane66_0	2	10	1346799.00	1.48	OK
crane66_0	5	1	2740549.00	3.46	OK
crane66_0	5	2	2740549.00	3.45	OK
crane66_0	5	3	2740549.00	3.51	OK
crane66_0	5	4	2740549.00	3.45	OK
crane66_0	5	5	2740549.00	3.50	OK
crane66_0	5	6	2740549.00	3.41	OK
crane66_0	5	7	2740549.00	3.47	OK
crane66_0	5	8	2740549.00	3.51	OK
crane66_0	5	9	2740549.00	3.48	OK
crane66_0	5	10	2740549.00	3.51	OK
crane66_0	8	1	4386313.00	6.92	OK
crane66_0	8	2	4386313.00	6.82	OK
crane66_0	8	3	4386313.00	6.98	OK
crane66_0	8	4	4385407.00	6.97	OK
crane66_0	8	5	4386313.00	7.02	OK
crane66_0	8	6	4386313.00	6.95	OK
crane66_0	8	7	4386313.00	6.95	OK
crane66_0	8	8	4386313.00	7.07	OK
crane66_0	8	9	4386313.00	7.04	OK
crane66_0	8	10	4386313.00	6.89	OK
crane66_1	2	1	983105.00	1.84	OK
crane66_1	2	2	983105.00	1.82	OK
crane66_1	2	3	983105.00	1.80	OK
crane66_1	2	4	983105.00	1.82	OK
crane66_1	2	5	983105.00	1.81	OK
crane66_1	2	6	983105.00	1.80	OK
crane66_1	2	7	983105.00	1.80	OK
crane66_1	2	8	983105.00	1.80	OK
crane66_1	2	9	983105.00	1.79	OK
crane66_1	2	10	983105.00	1.81	OK
crane66_1	5	1	2354836.00	2.38	OK
crane66_1	5	2	2354836.00	2.39	OK
crane66_1	5	3	2354836.00	2.34	OK
crane66_1	5	4	2354836.00	2.42	OK
crane66_1	5	5	2354836.00	2.36	OK
crane66_1	5	6	2354836.00	2.39	OK
crane66_1	5	7	2354836.00	2.36	OK
crane66_1	5	8	2354836.00	2.37	OK
crane66_1	5	9	2354836.00	2.34	OK
crane66_1	5	10	2354836.00	2.36	OK
crane66_1	8	1	4206666.00	4.88	OK
crane66_1	8	2	4206666.00	4.83	OK
crane66_1	8	3	4206666.00	4.94	OK
crane66_1	8	4	4116051.00	5.03	OK
crane66_1	8	5	4206666.00	4.95	OK
crane66_1	8	6	4116051.00	5.15	OK
crane66_1	8	7	4206666.00	4.98	OK
crane66_1	8	8	4206666.00	4.98	OK
crane66_1	8	9	4116051.00	5.12	OK
crane66_1	8	10	4116051.00	5.20	OK
crane66_2	2	1	1192160.00	1.44	OK
crane66_2	2	2	1192160.00	1.45	OK
crane66_2	2	3	1192160.00	1.48	OK
crane66_2	2	4	1192160.00	1.48	OK
crane66_2	2	5	1192160.00	1.46	OK
crane66_2	2	6	1192160.00	1.45	OK
crane66_2	2	7	1192160.00	1.45	OK
crane66_2	2	8	1192160.00	1.47	OK
crane66_2	2	9	1192160.00	1.47	OK
crane66_2	2	10	1192160.00	1.48	OK
crane66_2	5	1	2713721.00	2.91	OK
crane66_2	5	2	2713721.00	2.93	OK
crane66_2	5	3	2713721.00	2.93	OK
crane66_2	5	4	2713721.00	2.96	OK
crane66_2	5	5	2713721.00	2.92	OK
crane66_2	5	6	2727209.00	2.95	OK
crane66_2	5	7	2713721.00	2.95	OK
crane66_2	5	8	2713721.00	2.97	OK
crane66_2	5	9	2713721.00	2.94	OK
crane66_2	5	10	2713721.00	2.94	OK
crane66_2	8	1	4346896.00	6.04	OK
crane66_2	8	2	4346896.00	6.21	OK
crane66_2	8	3	4346896.00	5.98	OK
crane66_2	8	4	4346896.00	5.89	OK
crane66_2	8	5	4346896.00	5.84	OK
crane66_2	8	6	4346896.00	5.78	OK
crane66_2	8	7	4346896.00	5.92	OK
crane66_2	8	8	4346896.00	5.87	OK
crane66_2	8	9	4346896.00	5.92	OK
crane66_2	8	10	4346896.00	5.93	OK
dc112	2	1	3993.00	18.11	OK
dc112	2	2	3993.00	17.80	OK
dc112	2	3	3993.00	17.60	OK
dc112	2	4	3993.00	17.81	OK
dc112	2	5	3993.00	17.58	OK
dc112	2	6	3993.00	17.37	OK
dc112	2	7	3993.00	17.58	OK
dc112	2	8	3993.00	17.66	OK
dc112	2	9	3993.00	17.77	OK
dc112	2	10	3993.00	17.78	OK
dc112	5	1	4242.00	27.40	OK
dc112	5	2	4242.00	26.79	OK
dc112	5	3	4242.00	27.11	OK
dc112	5	4	4242.00	26.88	OK
dc112	5	5	4242.00	26.41	OK
dc112	5	6	4242.00	26.69	OK
dc112	5	7	4242.00	26.78	OK
dc112	5	8	4242.00	26.99	OK
dc112	5	9	4242.00	28.70	OK
dc112	5	10	4242.00	27.37	OK
dc112	8	1	6575.00	49.14	OK
dc112	8	2	6575.00	48.29	OK
dc112	8	3	6575.00	48.44	OK
dc112	8	4	6575.00	47.48	OK
dc112	8	5	6575.00	47.35	OK
dc112	8	6	6575.00	48.45	OK
dc112	8	7	6575.00	49.04	OK
dc112	8	8	6575.00	48.71	OK
dc112	8	9	6575.00	47.51	OK
dc112	8	10	6575.00	47.63	OK
dc126	2	1	6204.00	9.47	OK
dc126	2	2	6204.00	10.03	OK
dc126	2	3	6204.00	10.08	OK
dc126	2	4	6204.00	10.03	OK
dc126	2	5	6204.00	10.14	OK
dc126	2	6	6204.00	10.41	OK
dc126	2	7	6204.00	10.19	OK
dc126	2	8	6204.00	10.53	OK
dc126	2	9	6204.00	10.53	OK
dc126	2	10	6204.00	10.50	OK
dc126	5	1	14356.00	18.57	OK
dc126	5	2	14656.00	18.34	OK
dc126	5	3	14656.00	18.70	OK
dc126	5	4	14656.00	18.60	OK
dc126	5	5	14656.00	18.16	OK
dc126	5	6	14656.00	17.62	OK
dc126	5	7	14656.00	17.75	OK
dc126	5	8	14656.00	17.18	OK
dc126	5	9	14656.00	16.96	OK
dc126	5	10	14656.00	16.91	OK
dc126	8	1	58337.00	122.88	OK
dc126	8	2	58337.00	119.14	OK
dc126	8	3	58337.00	118.98	OK
dc126	8	4	58337.00	118.04	OK
dc126	8	5	58337.00	118.41	OK
dc126	8	6	58847.00	60.66	OK
dc126	8	7	58337.00	120.86	OK
dc126	8	8	58337.00	118.28	OK
dc126	8	9	58337.00	118.55	OK
dc126	8	10	58847.00	60.77	OK
dc134	2	1	3743.00	66.10	OK
dc134	2	2	3743.00	66.33	OK
dc134	2	3	3743.00	67.95	OK
dc134	2	4	3743.00	67.70	OK
dc134	2	5	3743.00	65.19	OK
dc134	2	6	3743.00	66.06	OK
dc134	2	7	3743.00	67.38	OK
dc134	2	8	3743.00	67.88	OK
dc134	2	9	3743.00	65.24	OK
dc134	2	10	3743.00	66.15	OK
dc134	5	1	3743.00	56.40	OK
dc134	5	2	3743.00	56.23	OK
dc134	5	3	3743.00	55.21	OK
dc134	5	4	3743.00	54.57	OK
dc134	5	5	3743.00	54.63	OK
dc134	5	6	3743.00	55.33	OK
dc134	5	7	3743.00	54.54	OK
dc134	5	8	3743.00	54.72	OK
dc134	5	9	3743.00	54.80	OK
dc134	5	10	3743.00	54.65	OK
dc134	8	1	3807.00	63.84	OK
dc134	8	2	3807.00	62.44	OK
dc134	8	3	3807.00	63.11	OK
dc134	8	4	3807.00	63.54	OK
dc134	8	5	3807.00	62.52	OK
dc134	8	6	3807.00	63.43	OK
dc134	8	7	3807.00	63.75	OK
dc134	8	8	3807.00	64.64	OK
dc134	8	9	3807.00	63.54	OK
dc134	8	10	3807.00	62.54	OK
dc176	2	1	5496.00	182.80	OK
dc176	2	2	5496.00	178.89	OK
dc176	2	3	5496.00	179.39	OK
dc176	2	4	5496.00	181.57	OK
dc176	2	5	5496.00	180.68	OK
dc176	2	6	5496.00	179.85	OK
dc176	2	7	5496.00	180.89	OK
dc176	2	8	5496.00	178.65	OK
dc176	2	9	5496.00	179.23	OK
dc176	2	10	5496.00	180.01	OK
dc176	5	1	5495.00	174.99	OK
dc176	5	2	5495.00	173.51	OK
dc176	5	3	5495.00	174.13	OK
dc176	5	4	5495.00	173.88	OK
dc176	5	5	5495.00	173.28	OK
dc176	5	6	5495.00	173.05	OK
dc176	5	7	5495.00	173.55	OK
dc176	5	8	5495.00	173.86	OK
dc176	5	9	5495.00	174.30	OK
dc176	5	10	5495.00	173.77	OK
dc176	8	1	5625.00	293.54	OK
dc176	8	2	5625.00	293.06	OK
dc176	8	3	5625.00	291.25	OK
dc176	8	4	5625.00	293.36	OK
dc176	8	5	5625.00	294.04	OK
dc176	8	6	5625.00	295.16	OK
dc176	8	7	5625.00	294.10	OK
dc176	8	8	5625.00	293.37	OK
dc176	8	9	5625.00	294.44	OK
dc176	8	10	5625.00	296.28	OK
dc188	2	1	4562.00	320.02	OK
dc188	2	2	4562.00	319.75	OK
dc188	2	3	4562.00	320.37	OK
dc188	2	4	4562.00	319.77	OK
dc188	2	5	4562.00	319.62	OK
dc188	2	6	4562.00	319.31	OK
dc188	2	7	4562.00	319.77	OK
dc188	2	8	4562.00	320.12	OK
dc188	2	9	4562.00	329.32	OK
dc188	2	10	4562.00	319.15	OK
dc188	5	1	4562.00	266.55	OK
dc188	5	2	4562.00	267.50	OK
dc188	5	3	4562.00	270.90	OK
dc188	5	4	4562.00	272.22	OK
dc188	5	5	4562.00	265.50	OK
dc188	5	6	4562.00	271.97	OK
dc188	5	7	4562.00	271.70	OK
dc188	5	8	4562.00	270.31	OK
dc188	5	9	4562.00	270.63	OK
dc188	5	10	4562.00	269.73	OK
dc188	8	1	4608.00	353.34	OK
dc188	8	2	4608.00	355.74	OK
dc188	8	3	4608.00	352.99	OK
dc188	8	4	4608.00	353.25	OK
dc188	8	5	4608.00	354.89	OK
dc188	8	6	4608.00	357.59	OK
dc188	8	7	4608.00	358.24	OK
dc188	8	8	4608.00	361.57	OK
dc188	8	9	4608.00	359.80	OK
dc188	8	10	4608.00	361.27	OK
ft53	2	1	3009.00	0.58	OK
ft53	2	2	3009.00	0.61	OK
ft53	2	3	3009.00	0.59	OK
ft53	2	4	3009.00	0.63	OK
ft53	2	5	3009.00	0.76	OK
ft53	2	6	3009.00	0.76	OK
ft53	2	7	3009.00	0.76	OK
ft53	2	8	3009.00	0.78	OK
ft53	2	9	3009.00	0.80	OK
ft53	2	10	3009.00	0.76	OK
ft53	5	1	3733.00	1.42	OK
ft53	5	2	3733.00	1.42	OK
ft53	5	3	3733.00	1.42	OK
ft53	5	4	3733.00	1.41	OK
ft53	5	5	3733.00	1.39	OK
ft53	5	6	3733.00	1.40	OK
ft53	5	7	3733.00	1.36	OK
ft53	5	8	3733.00	1.37	OK
ft53	5	9	3733.00	1.40	OK
ft53	5	10	3733.00	1.38	OK
ft53	8	1	4936.00	3.66	OK
ft53	8	2	4936.00	3.63	OK
ft53	8	3	4936.00	3.67	OK
ft53	8	4	4936.00	3.74	OK
ft53	8	5	4936.00	3.60	OK
ft53	8	6	4936.00	3.63	OK
ft53	8	7	4936.00	3.62	OK
ft53	8	8	4936.00	3.62	OK
ft53	8	9	4936.00	3.64	OK
ft53	8	10	4936.00	3.63	OK
ft70	2	1	8161.00	0.95	OK
ft70	2	2	8188.00	0.96	OK
ft70	2	3	8161.00	0.93	OK
ft70	2	4	8161.00	0.96	OK
ft70	2	5	8161.00	0.95	OK
ft70	2	6	8161.00	0.95	OK
ft70	2	7	8161.00	0.96	OK
ft70	2	8	8161.00	0.94	OK
ft70	2	9	8188.00	0.97	OK
ft70	2	10	8161.00	0.95	OK
ft70	5	1	16515.00	3.03	OK
ft70	5	2	16515.00	3.05	OK
ft70	5	3	16515.00	3.04	OK
ft70	5	4	16515.00	3.08	OK
ft70	5	5	16156.00	3.04	OK
ft70	5	6	16156.00	3.07	OK
ft70	5	7	16515.00	3.12	OK
ft70	5	8	16156.00	3.05	OK
ft70	5	9	16156.00	3.20	OK
ft70	5	10	16156.00	3.07	OK
ft70	8	1	25574.00	9.31	OK
ft70	8	2	25574.00	9.18	OK
ft70	8	3	25574.00	9.24	OK
ft70	8	4	25574.00	9.35	OK
ft70	8	5	25574.00	9.19	OK
ft70	8	6	25574.00	9.41	OK
ft70	8	7	25574.00	9.38	OK
ft70	8	8	25574.00	9.56	OK
ft70	8	9	25574.00	9.41	OK
ft70	8	10	25574.00	9.38	OK
ftv100	2	1	1805.00	69.09	OK
ftv100	2	2	1793.00	67.24	OK
ftv100	2	3	1793.00	67.44	OK
ftv100	2	4	1793.00	66.88	OK
ftv100	2	5	1793.00	69.10	OK
ftv100	2	6	1793.00	71.01	OK
ftv100	2	7	1793.00	69.09	OK
ftv100	2	8	1793.00	67.22	OK
ftv100	2	9	1793.00	68.04	OK
ftv100	2	10	1793.00	68.57	OK
ftv100	5	1	1788.00	69.40	OK
ftv100	5	2	1788.00	68.70	OK
ftv100	5	3	1788.00	69.56	OK
ftv100	5	4	1788.00	68.31	OK
ftv100	5	5	1863.00	68.97	OK
ftv100	5	6	1863.00	68.22	OK
ftv100	5	7	1788.00	69.97	OK
ftv100	5	8	1788.00	68.70	OK
ftv100	5	9	1863.00	67.35	OK
ftv100	5	10	1863.00	69.39	OK
ftv100	8	1	1682.00	76.24	OK
ftv100	8	2	1682.00	73.25	OK
ftv100	8	3	1850.00	72.02	OK
ftv100	8	4	1682.00	73.66	OK
ftv100	8	5	1682.00	75.13	OK
ftv100	8	6	1682.00	75.08	OK
ftv100	8	7	1682.00	73.68	OK
ftv100	8	8	1682.00	75.04	OK
ftv100	8	9	1682.00	74.39	OK
ftv100	8	10	1682.00	75.28	OK
ftv110	2	1	2248.00	65.71	OK
ftv110	2	2	2131.00	62.16	OK
ftv110	2	3	2131.00	63.21	OK
ftv110	2	4	2131.00	64.22	OK
ftv110	2	5	2248.00	67.01	OK
ftv110	2	6	2248.00	65.79	OK
ftv110	2	7	2248.00	67.99	OK
ftv110	2	8	2248.00	65.48	OK
ftv110	2	9	2131.00	64.57	OK
ftv110	2	10	2131.00	63.60	OK
ftv110	5	1	2107.00	65.34	OK
ftv110	5	2	2107.00	66.57	OK
ftv110	5	3	2107.00	68.17	OK
ftv110	5	4	2107.00	67.42	OK
ftv110	5	5	2107.00	67.22	OK
ftv110	5	6	2107.00	67.29	OK
ftv110	5	7	2114.00	79.00	OK
ftv110	5	8	2107.00	69.23	OK
ftv110	5	9	2114.00	77.98	OK
ftv110	5	10	2107.00	65.45	OK
ftv110	8	1	2055.00	101.67	OK
ftv110	8	2	2055.00	100.37	OK
ftv110	8	3	2055.00	100.07	OK
ftv110	8	4	2055.00	100.48	OK
ftv110	8	5	2055.00	98.90	OK
ftv110	8	6	2055.00	101.82	OK
ftv110	8	7	2055.00	99.24	OK
ftv110	8	8	2055.00	101.14	OK
ftv110	8	9	2055.00	102.64	OK
ftv110	8	10	2055.00	98.70	OK
ftv120	2	1	2048.00	131.00	OK
ftv120	2	2	2080.00	131.52	OK
ftv120	2	3	2080.00	131.46	OK
ftv120	2	4	2048.00	133.09	OK
ftv120	2	5	2048.00	131.54	OK
ftv120	2	6	2080.00	130.03	OK
ftv120	2	7	2080.00	130.71	OK
ftv120	2	8	2080.00	132.28	OK
ftv120	2	9	2048.00	132.72	OK
ftv120	2	10	2080.00	131.35	OK
ftv120	5	1	2025.00	147.42	OK
ftv120	5	2	2025.00	148.27	OK
ftv120	5	3	2025.00	147.72	OK
ftv120	5	4	2025.00	147.88	OK
ftv120	5	5	2025.00	150.03	OK
ftv120	5	6	2025.00	148.59	OK
ftv120	5	7	2025.00	148.70	OK
ftv120	5	8	2025.00	148.59	OK
ftv120	5	9	2025.00	148.30	OK
ftv120	5	10	2025.00	148.24	OK
ftv120	8	1	2101.00	138.56	OK
ftv120	8	2	2101.00	137.51	OK
ftv120	8	3	2065.00	135.75	OK
ftv120	8	4	2101.00	137.51	OK
ftv120	8	5	2065.00	136.11	OK
ftv120	8	6	2065.00	136.33	OK
ftv120	8	7	2101.00	138.41	OK
ftv120	8	8	2101.00	138.00	OK
ftv120	8	9	2065.00	136.01	OK
ftv120	8	10	2035.00	137.75	OK
ftv130	2	1	2433.00	133.22	OK
ftv130	2	2	2433.00	132.55	OK
ftv130	2	3	2433.00	133.48	OK
ftv130	2	4	2433.00	132.59	OK
ftv130	2	5	2433.00	132.97	OK
ftv130	2	6	2433.00	132.17	OK
ftv130	2	7	2433.00	132.28	OK
ftv130	2	8	2433.00	132.56	OK
ftv130	2	9	2433.00	132.94	OK
ftv130	2	10	2433.00	133.34	OK
ftv130	5	1	2291.00	171.63	OK
ftv130	5	2	2291.00	172.49	OK
ftv130	5	3	2291.00	171.81	OK
ftv130	5	4	2291.00	171.84	OK
ftv130	5	5	2291.00	172.05	OK
ftv130	5	6	2291.00	172.15	OK
ftv130	5	7	2291.00	171.52	OK
ftv130	5	8	2291.00	171.55	OK
ftv130	5	9	2291.00	172.52	OK
ftv130	5	10	2291.00	173.14	OK
ftv130	8	1	2334.00	183.26	OK
ftv130	8	2	2334.00	183.67	OK
ftv130	8	3	2334.00	183.12	OK
ftv130	8	4	2334.00	183.78	OK
ftv130	8	5	2334.00	182.56	OK
ftv130	8	6	2334.00	183.29	OK
ftv130	8	7	2334.00	182.97	OK
ftv130	8	8	2334.00	183.90	OK
ftv130	8	9	2334.00	182.91	OK
ftv130	8	10	2416.00	179.56	OK
ftv140	2	1	2470.00	209.32	OK
ftv140	2	2	2486.00	207.63	OK
ftv140	2	3	2486.00	208.86	OK
ftv140	2	4	2479.00	208.12	OK
ftv140	2	5	2486.00	207.50	OK
ftv140	2	6	2486.00	208.12	OK
ftv140	2	7	2486.00	208.55	OK
ftv140	2	8	2486.00	207.42	OK
ftv140	2	9	2486.00	207.67	OK
ftv140	2	10	2470.00	209.46	OK
ftv140	5	1	2420.00	260.44	OK
ftv140	5	2	2415.00	261.15	OK
ftv140	5	3	2420.00	261.45	OK
ftv140	5	4	2420.00	260.56	OK
ftv140	5	5	2420.00	259.29	OK
ftv140	5	6	2420.00	260.80	OK
ftv140	5	7	2415.00	261.37	OK
ftv140	5	8	2420.00	259.72	OK
ftv140	5	9	2415.00	260.66	OK
ftv140	5	10	2386.00	260.19	OK
ftv140	8	1	2477.00	244.81	OK
ftv140	8	2	2477.00	245.65	OK
ftv140	8	3	2477.00	246.14	OK
ftv140	8	4	2477.00	244.55	OK
ftv140	8	5	2477.00	245.61	OK
ftv140	8	6	2477.00	246.95	OK
ftv140	8	7	2477.00	244.50	OK
ftv140	8	8	2477.00	245.33	OK
ftv140	8	9	2498.00	247.73	OK
ftv140	8	10	2477.00	245.79	OK
ftv150	2	1	2761.00	301.77	OK
ftv150	2	2	2761.00	301.22	OK
ftv150	2	3	2761.00	302.08	OK
ftv150	2	4	2761.00	303.37	OK
ftv150	2	5	2761.00	304.62	OK
ftv150	2	6	2761.00	303.06	OK
ftv150	2	7	2761.00	303.30	OK
ftv150	2	8	2761.00	303.69	OK
ftv150	2	9	2761.00	301.49	OK
ftv150	2	10	2761.00	301.87	OK
ftv150	5	1	2661.00	288.81	OK
ftv150	5	2	2661.00	289.43	OK
ftv150	5	3	2661.00	287.95	OK
ftv150	5	4	2801.00	289.01	OK
ftv150	5	5	2661.00	288.62	OK
ftv150	5	6	2661.00	288.61	OK
ftv150	5	7	2801.00	291.15	OK
ftv150	5	8	2661.00	289.90	OK
ftv150	5	9	2801.00	291.67	OK
ftv150	5	10	2661.00	288.30	OK
ftv150	8	1	2735.00	340.86	OK
ftv150	8	2	2752.00	336.77	OK
ftv150	8	3	2752.00	336.35	OK
ftv150	8	4	2735.00	340.93	OK
ftv150	8	5	2735.00	339.37	OK
ftv150	8	6	2735.00	341.03	OK
ftv150	8	7	2735.00	340.56	OK
ftv150	8	8	2752.00	337.99	OK
ftv150	8	9	2752.00	339.52	OK
ftv150	8	10	2735.00	340.37	OK
ftv160	2	1	2735.00	359.33	OK
ftv160	2	2	2735.00	356.51	OK
ftv160	2	3	2718.00	357.82	OK
ftv160	2	4	2735.00	357.72	OK
ftv160	2	5	2735.00	359.00	OK
ftv160	2	6	2735.00	359.90	OK
ftv160	2	7	2735.00	357.25	OK
ftv160	2	8	2735.00	358.77	OK
ftv160	2	9	2735.00	359.61	OK
ftv160	2	10	2735.00	358.48	OK
ftv160	5	1	2803.00	384.36	OK
ftv160	5	2	2801.00	380.52	OK
ftv160	5	3	2803.00	384.66	OK
ftv160	5	4	2801.00	381.03	OK
ftv160	5	5	2720.00	379.77	OK
ftv160	5	6	2803.00	383.48	OK
ftv160	5	7	2803.00	382.86	OK
ftv160	5	8	2803.00	382.16	OK
ftv160	5	9	2801.00	385.01	OK
ftv160	5	10	2801.00	381.33	OK
ftv160	8	1	2836.00	370.54	OK
ftv160	8	2	2831.00	371.02	OK
ftv160	8	3	2836.00	373.16	OK
ftv160	8	4	2836.00	371.36	OK
ftv160	8	5	2836.00	370.29	OK
ftv160	8	6	2836.00	370.54	OK
ftv160	8	7	2836.00	370.34	OK
ftv160	8	8	2836.00	371.56	OK
ftv160	8	9	2836.00	375.52	OK
ftv160	8	10	2848.00	373.24	OK
ftv170	2	1	2995.00	446.20	OK
ftv170	2	2	3043.00	445.75	OK
ftv170	2	3	2995.00	452.36	OK
ftv170	2	4	3043.00	443.63	OK
ftv170	2	5	2995.00	448.78	OK
ftv170	2	6	3043.00	444.46	OK
ftv170	2	7	2995.00	448.21	OK
ftv170	2	8	2995.00	446.66	OK
ftv170	2	9	2995.00	446.23	OK
ftv170	2	10	2995.00	447.47	OK
ftv170	5	1	3003.00	486.28	OK
ftv170	5	2	3003.00	480.16	OK
ftv170	5	3	3003.00	486.84	OK
ftv170	5	4	3003.00	483.33	OK
ftv170	5	5	3003.00	483.92	OK
ftv170	5	6	3003.00	479.70	OK
ftv170	5	7	3003.00	484.45	OK
ftv170	5	8	3003.00	483.00	OK
ftv170	5	9	3003.00	480.05	OK
ftv170	5	10	3003.00	484.64	OK
ftv170	8	1	2938.00	574.61	OK
ftv170	8	2	2938.00	575.34	OK
ftv170	8	3	2965.00	612.96	OK
ftv170	8	4	2938.00	573.73	OK
ftv170	8	5	2938.00	573.89	OK
ftv170	8	6	2988.00	582.98	OK
ftv170	8	7	2938.00	575.25	OK
ftv170	8	8	2938.00	575.98	OK
ftv170	8	9	2988.00	575.34	OK
ftv170	8	10	2980.00	571.92	OK
ftv33	2	1	1092.00	0.39	OK
ftv33	2	2	1092.00	0.49	OK
ftv33	2	3	1092.00	0.54	OK
ftv33	2	4	1092.00	0.52	OK
ftv33	2	5	1092.00	0.53	OK
ftv33	2	6	1092.00	0.55	OK
ftv33	2	7	1092.00	0.54	OK
ftv33	2	8	1092.00	0.52	OK
ftv33	2	9	1092.00	0.52	OK
ftv33	2	10	1092.00	0.53	OK
ftv33	5	1	1083.00	0.85	OK
ftv33	5	2	1083.00	0.83	OK
ftv33	5	3	1083.00	0.84	OK
ftv33	5	4	1083.00	0.84	OK
ftv33	5	5	1083.00	0.84	OK
ftv33	5	6	1083.00	0.83	OK
ftv33	5	7	1083.00	0.84	OK
ftv33	5	8	1083.00	0.85	OK
ftv33	5	9	1083.00	0.83	OK
ftv33	5	10	1083.00	0.85	OK
ftv33	8	1	1231.00	0.96	OK
ftv33	8	2	1231.00	0.96	OK
ftv33	8	3	1231.00	0.97	OK
ftv33	8	4	1231.00	0.94	OK
ftv33	8	5	1231.00	0.96	OK
ftv33	8	6	1231.00	0.95	OK
ftv33	8	7	1231.00	0.97	OK
ftv33	8	8	1231.00	1.00	OK
ftv33	8	9	1231.00	0.95	OK
ftv33	8	10	1231.00	0.95	OK
ftv35	2	1	1166.00	0.57	OK
ftv35	2	2	1166.00	0.57	OK
ftv35	2	3	1166.00	0.56	OK
ftv35	2	4	1166.00	0.58	OK
ftv35	2	5	1166.00	0.59	OK
ftv35	2	6	1166.00	0.57	OK
ftv35	2	7	1166.00	0.58	OK
ftv35	2	8	1166.00	0.58	OK
ftv35	2	9	1166.00	0.57	OK
ftv35	2	10	1166.00	0.57	OK
ftv35	5	1	1166.00	0.94	OK
ftv35	5	2	1166.00	0.91	OK
ftv35	5	3	1166.00	0.92	OK
ftv35	5	4	1166.00	0.93	OK
ftv35	5	5	1166.00	0.92	OK
ftv35	5	6	1166.00	0.93	OK
ftv35	5	7	1166.00	0.91	OK
ftv35	5	8	1166.00	0.93	OK
ftv35	5	9	1166.00	0.92	OK
ftv35	5	10	1166.00	0.93	OK
ftv35	8	1	1239.00	1.38	OK
ftv35	8	2	1239.00	1.34	OK
ftv35	8	3	1239.00	1.33	OK
ftv35	8	4	1239.00	1.33	OK
ftv35	8	5	1239.00	1.38	OK
ftv35	8	6	1239.00	1.41	OK
ftv35	8	7	1239.00	1.33	OK
ftv35	8	8	1239.00	1.36	OK
ftv35	8	9	1239.00	1.41	OK
ftv35	8	10	1239.00	1.34	OK
ftv38	2	1	1234.00	1.18	OK
ftv38	2	2	1234.00	1.16	OK
ftv38	2	3	1234.00	1.22	OK
ftv38	2	4	1234.00	1.15	OK
ftv38	2	5	1234.00	1.18	OK
ftv38	2	6	1234.00	1.16	OK
ftv38	2	7	1234.00	1.22	OK
ftv38	2	8	1234.00	1.19	OK
ftv38	2	9	1234.00	1.16	OK
ftv38	2	10	1234.00	1.17	OK
ftv38	5	1	1235.00	1.48	OK
ftv38	5	2	1235.00	1.43	OK
ftv38	5	3	1235.00	1.43	OK
ftv38	5	4	1235.00	1.44	OK
ftv38	5	5	1235.00	1.47	OK
ftv38	5	6	1235.00	1.46	OK
ftv38	5	7	1235.00	1.43	OK
ftv38	5	8	1235.00	1.55	OK
ftv38	5	9	1235.00	1.44	OK
ftv38	5	10	1235.00	1.43	OK
ftv38	8	1	1219.00	2.33	OK
ftv38	8	2	1219.00	2.26	OK
ftv38	8	3	1219.00	2.31	OK
ftv38	8	4	1219.00	2.26	OK
ftv38	8	5	1219.00	2.29	OK
ftv38	8	6	1219.00	2.28	OK
ftv38	8	7	1219.00	2.27	OK
ftv38	8	8	1219.00	2.31	OK
ftv38	8	9	1219.00	2.28	OK
ftv38	8	10	1219.00	2.30	OK
ftv44	2	1	1280.00	1.69	OK
ftv44	2	2	1280.00	1.69	OK
ftv44	2	3	1280.00	1.75	OK
ftv44	2	4	1280.00	1.71	OK
ftv44	2	5	1280.00	1.74	OK
ftv44	2	6	1280.00	1.79	OK
ftv44	2	7	1280.00	1.70	OK
ftv44	2	8	1280.00	1.74	OK
ftv44	2	9	1280.00	1.69	OK
ftv44	2	10	1280.00	1.70	OK
ftv44	5	1	1269.00	2.75	OK
ftv44	5	2	1274.00	2.68	OK
ftv44	5	3	1269.00	2.71	OK
ftv44	5	4	1269.00	2.67	OK
ftv44	5	5	1269.00	2.70	OK
ftv44	5	6	1274.00	2.68	OK
ftv44	5	7	1269.00	2.70	OK
ftv44	5	8	1269.00	2.71	OK
ftv44	5	9	1269.00	2.72	OK
ftv44	5	10	1269.00	2.69	OK
ftv44	8	1	1339.00	3.08	OK
ftv44	8	2	1339.00	3.10	OK
ftv44	8	3	1339.00	3.17	OK
ftv44	8	4	1376.00	3.91	OK
ftv44	8	5	1376.00	3.79	OK
ftv44	8	6	1339.00	3.04	OK
ftv44	8	7	1376.00	3.89	OK
ftv44	8	8	1376.00	3.83	OK
ftv44	8	9	1339.00	3.07	OK
ftv44	8	10	1339.00	3.07	OK
ftv47	2	1	1480.00	1.63	OK
ftv47	2	2	1480.00	1.64	OK
ftv47	2	3	1480.00	1.61	OK
ftv47	2	4	1480.00	1.65	OK
ftv47	2	5	1480.00	1.62	OK
ftv47	2	6	1480.00	1.62	OK
ftv47	2	7	1480.00	1.66	OK
ftv47	2	8	1480.00	1.61	OK
ftv47	2	9	1480.00	1.61	OK
ftv47	2	10	1480.00	1.65	OK
ftv47	5	1	1425.00	2.34	OK
ftv47	5	2	1425.00	2.33	OK
ftv47	5	3	1425.00	2.32	OK
ftv47	5	4	1425.00	2.31	OK
ftv47	5	5	1425.00	2.40	OK
ftv47	5	6	1425.00	2.30	OK
ftv47	5	7	1425.00	2.35	OK
ftv47	5	8	1425.00	2.29	OK
ftv47	5	9	1425.00	2.38	OK
ftv47	5	10	1425.00	2.30	OK
ftv47	8	1	1454.00	3.53	OK
ftv47	8	2	1454.00	3.49	OK
ftv47	8	3	1454.00	3.46	OK
ftv47	8	4	1454.00	3.50	OK
ftv47	8	5	1454.00	3.54	OK
ftv47	8	6	1454.00	3.44	OK
ftv47	8	7	1454.00	3.60	OK
ftv47	8	8	1454.00	3.51	OK
ftv47	8	9	1454.00	3.53	OK
ftv47	8	10	1454.00	3.46	OK
ftv55	2	1	1625.00	5.57	OK
ftv55	2	2	1645.00	5.55	OK
ftv55	2	3	1645.00	5.54	OK
ftv55	2	4	1625.00	5.53	OK
ftv55	2	5	1645.00	5.59	OK
ftv55	2	6	1645.00	5.56	OK
ftv55	2	7	1645.00	5.56	OK
ftv55	2	8	1625.00	5.54	OK
ftv55	2	9	1625.00	5.53	OK
ftv55	2	10	1645.00	5.54	OK
ftv55	5	1	1581.00	6.62	OK
ftv55	5	2	1581.00	6.61	OK
ftv55	5	3	1581.00	6.53	OK
ftv55	5	4	1581.00	6.54	OK
ftv55	5	5	1602.00	6.49	OK
ftv55	5	6	1581.00	6.57	OK
ftv55	5	7	1581.00	6.60	OK
ftv55	5	8	1602.00	6.58	OK
ftv55	5	9	1581.00	6.60	OK
ftv55	5	10	1581.00	6.52	OK
ftv55	8	1	1586.00	8.99	OK
ftv55	8	2	1586.00	8.86	OK
ftv55	8	3	1586.00	9.01	OK
ftv55	8	4	1586.00	9.02	OK
ftv55	8	5	1606.00	9.14	OK
ftv55	8	6	1586.00	8.98	OK
ftv55	8	7	1586.00	9.04	OK
ftv55	8	8	1586.00	8.83	OK
ftv55	8	9	1665.00	9.14	OK
ftv55	8	10	1586.00	9.03	OK
ftv64	2	1	1594.00	7.05	OK
ftv64	2	2	1594.00	6.90	OK
ftv64	2	3	1583.00	7.01	OK
ftv64	2	4	1583.00	7.00	OK
ftv64	2	5	1594.00	6.98	OK
ftv64	2	6	1594.00	6.93	OK
ftv64	2	7	1583.00	7.00	OK
ftv64	2	8	1583.00	6.95	OK
ftv64	2	9	1594.00	6.96	OK
ftv64	2	10	1594.00	6.97	OK
ftv64	5	1	1615.00	9.98	OK
ftv64	5	2	1615.00	10.01	OK
ftv64	5	3	1606.00	9.69	OK
ftv64	5	4	1606.00	9.82	OK
ftv64	5	5	1606.00	9.79	OK
ftv64	5	6	1606.00	9.95	OK
ftv64	5	7	1606.00	9.82	OK
ftv64	5	8	1615.00	10.06	OK
ftv64	5	9	1606.00	9.72	OK
ftv64	5	10	1606.00	9.81	OK
ftv64	8	1	1657.00	13.15	OK
ftv64	8	2	1657.00	12.94	OK
ftv64	8	3	1657.00	12.98	OK
ftv64	8	4	1657.00	13.14	OK
ftv64	8	5	1657.00	13.09	OK
ftv64	8	6	1657.00	13.09	OK
ftv64	8	7	1657.00	13.03	OK
ftv64	8	8	1657.00	13.06	OK
ftv64	8	9	1657.00	13.03	OK
ftv64	8	10	1657.00	13.07	OK
ftv70	2	1	1669.00	10.10	OK
ftv70	2	2	1669.00	10.20	OK
ftv70	2	3	1669.00	10.13	OK
ftv70	2	4	1669.00	10.03	OK
ftv70	2	5	1669.00	10.14	OK
ftv70	2	6	1669.00	10.05	OK
ftv70	2	7	1669.00	10.14	OK
ftv70	2	8	1669.00	10.16	OK
ftv70	2	9	1669.00	10.38	OK
ftv70	2	10	1669.00	10.12	OK
ftv70	5	1	1695.00	13.07	OK
ftv70	5	2	1723.00	13.01	OK
ftv70	5	3	1709.00	13.10	OK
ftv70	5	4	1723.00	12.95	OK
ftv70	5	5	1723.00	13.18	OK
ftv70	5	6	1695.00	13.00	OK
ftv70	5	7	1669.00	12.96	OK
ftv70	5	8	1723.00	12.97	OK
ftv70	5	9	1695.00	12.98	OK
ftv70	5	10	1723.00	12.94	OK
ftv70	8	1	1788.00	14.85	OK
ftv70	8	2	1788.00	14.76	OK
ftv70	8	3	1788.00	14.88	OK
ftv70	8	4	1788.00	14.92	OK
ftv70	8	5	1802.00	15.27	OK
ftv70	8	6	1788.00	14.80	OK
ftv70	8	7	1788.00	14.81	OK
ftv70	8	8	1788.00	14.86	OK
ftv70	8	9	1788.00	14.81	OK
ftv70	8	10	1788.00	14.81	OK
ftv80	2	1	1712.00	18.06	OK
ftv80	2	2	1712.00	18.00	OK
ftv80	2	3	1712.00	18.03	OK
ftv80	2	4	1712.00	17.88	OK
ftv80	2	5	1712.00	18.10	OK
ftv80	2	6	1712.00	17.96	OK
ftv80	2	7	1712.00	18.73	OK
ftv80	2	8	1712.00	18.44	OK
ftv80	2	9	1712.00	18.24	OK
ftv80	2	10	1712.00	17.97	OK
ftv80	5	1	1448.00	22.01	OK
ftv80	5	2	1415.00	22.12	OK
ftv80	5	3	1415.00	22.19	OK
ftv80	5	4	1448.00	22.12	OK
ftv80	5	5	1415.00	22.04	OK
ftv80	5	6	1448.00	22.14	OK
ftv80	5	7	1415.00	22.04	OK
ftv80	5	8	1415.00	22.08	OK
ftv80	5	9	1415.00	22.28	OK
ftv80	5	10	1448.00	22.75	OK
ftv80	8	1	1409.00	32.71	OK
ftv80	8	2	1409.00	32.57	OK
ftv80	8	3	1409.00	32.45	OK
ftv80	8	4	1409.00	32.56	OK
ftv80	8	5	1409.00	32.75	OK
ftv80	8	6	1409.00	32.81	OK
ftv80	8	7	1409.00	32.48	OK
ftv80	8	8	1409.00	33.10	OK
ftv80	8	9	1456.00	33.78	OK
ftv80	8	10	1409.00	32.54	OK
ftv90	2	1	1491.00	51.32	OK
ftv90	2	2	1491.00	51.88	OK
ftv90	2	3	1491.00	51.34	OK
ftv90	2	4	1491.00	51.51	OK
ftv90	2	5	1491.00	51.83	OK
ftv90	2	6	1491.00	51.24	OK
ftv90	2	7	1491.00	51.58	OK
ftv90	2	8	1491.00	51.33	OK
ftv90	2	9	1491.00	51.33	OK
ftv90	2	10	1491.00	51.72	OK
ftv90	5	1	1561.00	46.65	OK
ftv90	5	2	1491.00	46.89	OK
ftv90	5	3	1491.00	47.02	OK
ftv90	5	4	1561.00	46.87	OK
ftv90	5	5	1491.00	47.05	OK
ftv90	5	6	1491.00	47.46	OK
ftv90	5	7	1561.00	47.03	OK
ftv90	5	8	1561.00	46.72	OK
ftv90	5	9	1513.00	46.96	OK
ftv90	5	10	1491.00	47.00	OK
ftv90	8	1	1556.00	48.13	OK
ftv90	8	2	1556.00	48.35	OK
ftv90	8	3	1556.00	47.95	OK
ftv90	8	4	1556.00	47.84	OK
ftv90	8	5	1556.00	47.98	OK
ftv90	8	6	1556.00	47.93	OK
ftv90	8	7	1556.00	47.97	OK
ftv90	8	8	1556.00	48.09	OK
ftv90	8	9	1556.00	48.40	OK
ftv90	8	10	1556.00	48.08	OK
kro124	2	1	9990.00	3.62	OK
kro124	2	2	9990.00	3.69	OK
kro124	2	3	10218.00	3.79	OK
kro124	2	4	10218.00	3.75	OK
kro124	2	5	9990.00	3.71	OK
kro124	2	6	10218.00	3.75	OK
kro124	2	7	9990.00	3.73	OK
kro124	2	8	9990.00	3.68	OK
kro124	2	9	9990.00	3.66	OK
kro124	2	10	10218.00	3.69	OK
kro124	5	1	18067.00	9.37	OK
kro124	5	2	18067.00	9.32	OK
kro124	5	3	18199.00	9.42	OK
kro124	5	4	18067.00	9.35	OK
kro124	5	5	18067.00	9.22	OK
kro124	5	6	18067.00	9.49	OK
kro124	5	7	17842.00	9.24	OK
kro124	5	8	18189.00	9.34	OK
kro124	5	9	18067.00	9.25	OK
kro124	5	10	18189.00	9.29	OK
kro124	8	1	26514.00	23.42	OK
kro124	8	2	26514.00	23.36	OK
kro124	8	3	26514.00	23.26	OK
kro124	8	4	26514.00	23.28	OK
kro124	8	5	26514.00	23.22	OK
kro124	8	6	26514.00	23.26	OK
kro124	8	7	26514.00	23.20	OK
kro124	8	8	26559.00	22.85	OK
kro124	8	9	26514.00	23.26	OK
kro124	8	10	26514.00	23.16	OK
p43	2	1	371.00	5.17	OK
p43	2	2	371.00	5.22	OK
p43	2	3	371.00	5.20	OK
p43	2	4	371.00	5.22	OK
p43	2	5	371.00	5.28	OK
p43	2	6	371.00	5.24	OK
p43	2	7	371.00	5.16	OK
p43	2	8	371.00	5.22	OK
p43	2	9	371.00	5.11	OK
p43	2	10	371.00	5.16	OK
p43	5	1	371.00	4.77	OK
p43	5	2	371.00	4.72	OK
p43	5	3	371.00	4.81	OK
p43	5	4	371.00	4.72	OK
p43	5	5	371.00	4.77	OK
p43	5	6	371.00	4.70	OK
p43	5	7	371.00	4.72	OK
p43	5	8	371.00	4.79	OK
p43	5	9	371.00	4.70	OK
p43	5	10	371.00	4.68	OK
p43	8	1	371.00	2.59	OK
p43	8	2	371.00	2.68	OK
p43	8	3	371.00	2.64	OK
p43	8	4	371.00	2.64	OK
p43	8	5	371.00	2.62	OK
p43	8	6	371.00	2.67	OK
p43	8	7	371.00	2.65	OK
p43	8	8	371.00	2.68	OK
p43	8	9	371.00	2.65	OK
p43	8	10	371.00	2.73	OK
rbg323	2	1	1293.00	8657.64	OK
rbg323	2	2	1293.00	8499.16	OK
rbg323	2	3	1293.00	8259.16	OK
rbg323	5	1	1308.00	8905.40	OK
rbg323	5	2	1297.00	8705.61	OK
rbg323	5	3	1297.00	8730.29	OK
rbg323	8	1	1290.00	7853.35	OK
rbg323	8	2	1290.00	7735.36	OK
rbg323	8	3	1290.00	7661.89	OK
rbg358	2	1	1187.00	15031.58	OK
rbg358	2	2	1187.00	14986.56	OK
rbg358	2	3	1187.00	14993.24	OK
rbg358	5	1	1180.00	14660.23	OK
rbg358	5	2	1180.00	14670.12	OK
rbg358	5	3	1180.00	14672.68	OK
rbg358	8	1	1180.00	12562.14	OK
rbg358	8	2	1180.00	12672.24	OK
rbg358	8	3	1180.00	12652.69	OK
rbg403	2	1	2102.00	19101.76	OK
rbg403	2	2	2102.00	19167.76	OK
rbg403	2	3	2102.00	19118.76	OK
rbg403	5	1	2107.00	19310.91	OK
rbg403	5	2	2107.00	19410.91	OK
rbg403	5	3	2107.00	19450.91	OK
rbg403	8	1	2097.00	20180.27	OK
rbg403	8	2	2097.00	20120.27	OK
rbg403	8	3	2097.00	20095.27	OK
rbg443	2	1	2442.00	30919.76	OK
rbg443	2	2	2442.00	30819.46	OK
rbg443	2	3	2442.00	30719.36	OK
rbg443	5	1	2451.00	30728.36	OK
rbg443	5	2	2451.00	30628.46	OK
rbg443	5	3	2451.00	30928.57	OK
rbg443	8	1	2413.00	30907.74	OK
rbg443	8	2	2413.00	31507.74	OK
rbg443	8	3	2413.00	31207.74	OK
ry48p	2	1	4426.00	0.65	OK
ry48p	2	2	4426.00	0.65	OK
ry48p	2	3	4426.00	0.65	OK
ry48p	2	4	4426.00	0.65	OK
ry48p	2	5	4426.00	0.65	OK
ry48p	2	6	4426.00	0.64	OK
ry48p	2	7	4426.00	0.65	OK
ry48p	2	8	4426.00	0.70	OK
ry48p	2	9	4426.00	0.66	OK
ry48p	2	10	4426.00	0.70	OK
ry48p	5	1	5983.00	0.91	OK
ry48p	5	2	5983.00	1.24	OK
ry48p	5	3	5983.00	1.26	OK
ry48p	5	4	5983.00	1.25	OK
ry48p	5	5	5983.00	1.23	OK
ry48p	5	6	5983.00	1.22	OK
ry48p	5	7	5983.00	1.22	OK
ry48p	5	8	5983.00	1.22	OK
ry48p	5	9	5983.00	1.23	OK
ry48p	5	10	5983.00	1.23	OK
ry48p	8	1	9555.00	2.75	OK
ry48p	8	2	9555.00	2.73	OK
ry48p	8	3	9555.00	2.72	OK
ry48p	8	4	9555.00	2.73	OK
ry48p	8	5	9555.00	2.74	OK
ry48p	8	6	9555.00	2.71	OK
ry48p	8	7	9555.00	2.74	OK
ry48p	8	8	9555.00	2.81	OK
ry48p	8	9	9555.00	2.73	OK
ry48p	8	10	9555.00	2.71	OK
stilt100_0	2	1	2500962.00	8.56	OK
stilt100_0	2	2	2500962.00	8.48	OK
stilt100_0	2	3	2500962.00	8.55	OK
stilt100_0	2	4	2500962.00	8.49	OK
stilt100_0	2	5	2500962.00	8.44	OK
stilt100_0	2	6	2500962.00	8.47	OK
stilt100_0	2	7	2500962.00	8.50	OK
stilt100_0	2	8	2500962.00	8.33	OK
stilt100_0	2	9	2500962.00	8.65	OK
stilt100_0	2	10	2500962.00	8.52	OK
stilt100_0	5	1	6134158.00	15.35	OK
stilt100_0	5	2	6134158.00	15.32	OK
stilt100_0	5	3	6134158.00	15.37	OK
stilt100_0	5	4	6134158.00	15.30	OK
stilt100_0	5	5	6134158.00	15.21	OK
stilt100_0	5	6	6134158.00	15.25	OK
stilt100_0	5	7	6134158.00	15.30	OK
stilt100_0	5	8	6134158.00	15.35	OK
stilt100_0	5	9	6134158.00	15.24	OK
stilt100_0	5	10	6134158.00	15.29	OK
stilt100_0	8	1	10855735.00	34.77	OK
stilt100_0	8	2	10800504.00	37.03	OK
stilt100_0	8	3	10800504.00	36.87	OK
stilt100_0	8	4	10800504.00	36.79	OK
stilt100_0	8	5	10800504.00	36.82	OK
stilt100_0	8	6	10800504.00	36.48	OK
stilt100_0	8	7	10855735.00	34.53	OK
stilt100_0	8	8	10800504.00	36.79	OK
stilt100_0	8	9	10800504.00	36.79	OK
stilt100_0	8	10	10800504.00	36.71	OK
stilt100_1	2	1	2770087.00	6.60	OK
stilt100_1	2	2	2770087.00	6.80	OK
stilt100_1	2	3	2770087.00	6.80	OK
stilt100_1	2	4	2770087.00	6.77	OK
stilt100_1	2	5	2770087.00	6.78	OK
stilt100_1	2	6	2770087.00	6.72	OK
stilt100_1	2	7	2770087.00	6.79	OK
stilt100_1	2	8	2770087.00	6.79	OK
stilt100_1	2	9	2770087.00	6.81	OK
stilt100_1	2	10	2770087.00	6.73	OK
stilt100_1	5	1	6060291.00	12.31	OK
stilt100_1	5	2	6060291.00	12.22	OK
stilt100_1	5	3	6217759.00	12.11	OK
stilt100_1	5	4	6060291.00	12.26	OK
stilt100_1	5	5	6187472.00	12.13	OK
stilt100_1	5	6	6060291.00	12.45	OK
stilt100_1	5	7	6217759.00	12.09	OK
stilt100_1	5	8	6060291.00	12.31	OK
stilt100_1	5	9	6187472.00	12.13	OK
stilt100_1	5	10	6217759.00	12.09	OK
stilt100_1	8	1	11074565.00	27.64	OK
stilt100_1	8	2	11074565.00	27.51	OK
stilt100_1	8	3	11074565.00	27.56	OK
stilt100_1	8	4	11074565.00	27.49	OK
stilt100_1	8	5	11074565.00	27.73	OK
stilt100_1	8	6	11074565.00	27.68	OK
stilt100_1	8	7	11074565.00	27.59	OK
stilt100_1	8	8	10959801.00	29.15	OK
stilt100_1	8	9	11074565.00	27.48	OK
stilt100_1	8	10	11074565.00	27.58	OK
stilt100_2	2	1	3144702.00	6.29	OK
stilt100_2	2	2	3144702.00	6.28	OK
stilt100_2	2	3	3144702.00	6.33	OK
stilt100_2	2	4	3144702.00	6.37	OK
stilt100_2	2	5	3144702.00	6.31	OK
stilt100_2	2	6	3144702.00	6.47	OK
stilt100_2	2	7	3144702.00	6.32	OK
stilt100_2	2	8	3144702.00	6.33	OK
stilt100_2	2	9	3144702.00	6.30	OK
stilt100_2	2	10	3144702.00	6.34	OK
stilt100_2	5	1	6182414.00	11.99	OK
stilt100_2	5	2	6237002.00	11.98	OK
stilt100_2	5	3	6237002.00	12.02	OK
stilt100_2	5	4	6237002.00	11.87	OK
stilt100_2	5	5	6237002.00	12.01	OK
stilt100_2	5	6	6237002.00	12.10	OK
stilt100_2	5	7	6237002.00	12.11	OK
stilt100_2	5	8	6182414.00	11.94	OK
stilt100_2	5	9	6182414.00	11.88	OK
stilt100_2	5	10	6182414.00	11.99	OK
stilt100_2	8	1	10222260.00	31.01	OK
stilt100_2	8	2	10222260.00	31.28	OK
stilt100_2	8	3	10222260.00	31.04	OK
stilt100_2	8	4	10222260.00	30.88	OK
stilt100_2	8	5	10222260.00	31.00	OK
stilt100_2	8	6	10222260.00	31.18	OK
stilt100_2	8	7	10222260.00	30.86	OK
stilt100_2	8	8	10222260.00	30.86	OK
stilt100_2	8	9	10222260.00	30.77	OK
stilt100_2	8	10	10222260.00	30.93	OK
stilt100_3	2	1	3485139.00	6.23	OK
stilt100_3	2	2	3485139.00	6.27	OK
stilt100_3	2	3	3485139.00	6.25	OK
stilt100_3	2	4	3485139.00	6.23	OK
stilt100_3	2	5	3485139.00	6.25	OK
stilt100_3	2	6	3485139.00	6.22	OK
stilt100_3	2	7	3485139.00	6.27	OK
stilt100_3	2	8	3485139.00	6.22	OK
stilt100_3	2	9	3485139.00	6.19	OK
stilt100_3	2	10	3485139.00	6.26	OK
stilt100_3	5	1	6583386.00	18.03	OK
stilt100_3	5	2	6583386.00	17.99	OK
stilt100_3	5	3	6583386.00	17.99	OK
stilt100_3	5	4	6579360.00	18.03	OK
stilt100_3	5	5	6583386.00	18.06	OK
stilt100_3	5	6	6583386.00	18.07	OK
stilt100_3	5	7	6583386.00	18.04	OK
stilt100_3	5	8	6583386.00	18.16	OK
stilt100_3	5	9	6579360.00	18.23	OK
stilt100_3	5	10	6583386.00	17.91	OK
stilt100_3	8	1	10503752.00	31.43	OK
stilt100_3	8	2	10503752.00	30.96	OK
stilt100_3	8	3	10503752.00	31.09	OK
stilt100_3	8	4	10503752.00	31.15	OK
stilt100_3	8	5	10340831.00	31.54	OK
stilt100_3	8	6	10503752.00	31.28	OK
stilt100_3	8	7	10503752.00	31.14	OK
stilt100_3	8	8	10503752.00	31.18	OK
stilt100_3	8	9	10503752.00	30.95	OK
stilt100_3	8	10	10340831.00	31.55	OK
stilt100_4	2	1	2674644.00	7.69	OK
stilt100_4	2	2	2674644.00	7.93	OK
stilt100_4	2	3	2674644.00	7.95	OK
stilt100_4	2	4	2674644.00	7.93	OK
stilt100_4	2	5	2674644.00	7.99	OK
stilt100_4	2	6	2674644.00	7.95	OK
stilt100_4	2	7	2674644.00	7.92	OK
stilt100_4	2	8	2674644.00	7.97	OK
stilt100_4	2	9	2674644.00	7.93	OK
stilt100_4	2	10	2674644.00	7.92	OK
stilt100_4	5	1	6152357.00	15.22	OK
stilt100_4	5	2	6152357.00	15.26	OK
stilt100_4	5	3	6152357.00	15.09	OK
stilt100_4	5	4	6152357.00	15.17	OK
stilt100_4	5	5	6152357.00	15.16	OK
stilt100_4	5	6	6151224.00	15.11	OK
stilt100_4	5	7	6152357.00	15.11	OK
stilt100_4	5	8	6152357.00	15.20	OK
stilt100_4	5	9	6152357.00	15.15	OK
stilt100_4	5	10	6152357.00	15.04	OK
stilt100_4	8	1	11395634.00	33.93	OK
stilt100_4	8	2	11395634.00	33.74	OK
stilt100_4	8	3	11395634.00	34.17	OK
stilt100_4	8	4	11395634.00	33.85	OK
stilt100_4	8	5	11247655.00	32.69	OK
stilt100_4	8	6	11395634.00	33.91	OK
stilt100_4	8	7	11247655.00	32.72	OK
stilt100_4	8	8	11395634.00	34.01	OK
stilt100_4	8	9	11395634.00	34.24	OK
stilt100_4	8	10	11395634.00	34.21	OK
stilt100_5	2	1	2511776.00	6.78	OK
stilt100_5	2	2	2511776.00	7.02	OK
stilt100_5	2	3	2511776.00	6.95	OK
stilt100_5	2	4	2511776.00	6.93	OK
stilt100_5	2	5	2511776.00	6.96	OK
stilt100_5	2	6	2511776.00	6.89	OK
stilt100_5	2	7	2511776.00	6.99	OK
stilt100_5	2	8	2511776.00	6.86	OK
stilt100_5	2	9	2511776.00	6.89	OK
stilt100_5	2	10	2511776.00	6.87	OK
stilt100_5	5	1	6755753.00	16.19	OK
stilt100_5	5	2	6747204.00	15.75	OK
stilt100_5	5	3	6755753.00	16.16	OK
stilt100_5	5	4	6755753.00	16.06	OK
stilt100_5	5	5	6755753.00	16.08	OK
stilt100_5	5	6	6755753.00	16.10	OK
stilt100_5	5	7	6755753.00	16.09	OK
stilt100_5	5	8	6755753.00	16.14	OK
stilt100_5	5	9	6755753.00	16.14	OK
stilt100_5	5	10	6755753.00	16.08	OK
stilt100_5	8	1	11009548.00	36.73	OK
stilt100_5	8	2	10769169.00	35.88	OK
stilt100_5	8	3	11009548.00	36.55	OK
stilt100_5	8	4	10464341.00	36.89	OK
stilt100_5	8	5	11009548.00	36.58	OK
stilt100_5	8	6	10769169.00	36.58	OK
stilt100_5	8	7	11009548.00	36.41	OK
stilt100_5	8	8	11132037.00	36.28	OK
stilt100_5	8	9	10769169.00	35.97	OK
stilt100_5	8	10	10769169.00	36.06	OK
stilt100_6	2	1	2793186.00	7.02	OK
stilt100_6	2	2	2793186.00	7.02	OK
stilt100_6	2	3	2793186.00	6.96	OK
stilt100_6	2	4	2793186.00	7.00	OK
stilt100_6	2	5	2793186.00	6.96	OK
stilt100_6	2	6	2793186.00	7.00	OK
stilt100_6	2	7	2793186.00	6.99	OK
stilt100_6	2	8	2793186.00	7.02	OK
stilt100_6	2	9	2793186.00	7.01	OK
stilt100_6	2	10	2793186.00	6.98	OK
stilt100_6	5	1	5530495.00	13.83	OK
stilt100_6	5	2	5530495.00	13.84	OK
stilt100_6	5	3	5530495.00	13.83	OK
stilt100_6	5	4	5530495.00	13.83	OK
stilt100_6	5	5	5530495.00	13.81	OK
stilt100_6	5	6	5530495.00	13.80	OK
stilt100_6	5	7	5509618.00	13.77	OK
stilt100_6	5	8	5530495.00	14.09	OK
stilt100_6	5	9	5530495.00	14.01	OK
stilt100_6	5	10	5530495.00	14.23	OK
stilt100_6	8	1	9995726.00	26.00	OK
stilt100_6	8	2	9995726.00	26.05	OK
stilt100_6	8	3	9995726.00	25.84	OK
stilt100_6	8	4	9995726.00	26.35	OK
stilt100_6	8	5	9995726.00	25.90	OK
stilt100_6	8	6	9995726.00	25.80	OK
stilt100_6	8	7	9995726.00	25.92	OK
stilt100_6	8	8	9995726.00	25.93	OK
stilt100_6	8	9	9995726.00	25.94	OK
stilt100_6	8	10	9995726.00	26.15	OK
stilt100_7	2	1	3185244.00	8.14	OK
stilt100_7	2	2	3185244.00	8.30	OK
stilt100_7	2	3	3185244.00	8.09	OK
stilt100_7	2	4	3185244.00	8.10	OK
stilt100_7	2	5	3185244.00	8.37	OK
stilt100_7	2	6	3185244.00	8.36	OK
stilt100_7	2	7	3185244.00	8.17	OK
stilt100_7	2	8	3185244.00	8.13	OK
stilt100_7	2	9	3185244.00	8.13	OK
stilt100_7	2	10	3185244.00	8.35	OK
stilt100_7	5	1	6085162.00	14.83	OK
stilt100_7	5	2	6179085.00	14.98	OK
stilt100_7	5	3	6222610.00	15.10	OK
stilt100_7	5	4	6179085.00	14.92	OK
stilt100_7	5	5	6222610.00	15.23	OK
stilt100_7	5	6	6085162.00	14.91	OK
stilt100_7	5	7	6222610.00	15.31	OK
stilt100_7	5	8	6135457.00	14.82	OK
stilt100_7	5	9	6179085.00	15.00	OK
stilt100_7	5	10	6179085.00	15.12	OK
stilt100_7	8	1	11076213.00	41.66	OK
stilt100_7	8	2	11076213.00	41.74	OK
stilt100_7	8	3	11076213.00	41.74	OK
stilt100_7	8	4	11076213.00	41.35	OK
stilt100_7	8	5	11076213.00	41.27	OK
stilt100_7	8	6	11076213.00	41.85	OK
stilt100_7	8	7	11076213.00	41.17	OK
stilt100_7	8	8	11076213.00	41.29	OK
stilt100_7	8	9	11004114.00	50.60	OK
stilt100_7	8	10	11076213.00	41.70	OK
stilt100_8	2	1	2764351.00	6.97	OK
stilt100_8	2	2	2764351.00	7.04	OK
stilt100_8	2	3	2764351.00	7.08	OK
stilt100_8	2	4	2764351.00	7.10	OK
stilt100_8	2	5	2764351.00	7.02	OK
stilt100_8	2	6	2764351.00	7.03	OK
stilt100_8	2	7	2764351.00	7.05	OK
stilt100_8	2	8	2764351.00	7.25	OK
stilt100_8	2	9	2764351.00	8.56	OK
stilt100_8	2	10	2764351.00	7.66	OK
stilt100_8	5	1	6015264.00	14.72	OK
stilt100_8	5	2	6015264.00	15.98	OK
stilt100_8	5	3	6015264.00	16.56	OK
stilt100_8	5	4	6015264.00	18.45	OK
stilt100_8	5	5	6015264.00	18.51	OK
stilt100_8	5	6	6015264.00	18.65	OK
stilt100_8	5	7	6015264.00	18.71	OK
stilt100_8	5	8	6015264.00	17.71	OK
stilt100_8	5	9	6015264.00	18.13	OK
stilt100_8	5	10	6015264.00	20.13	OK
stilt100_8	8	1	10149584.00	40.41	OK
stilt100_8	8	2	10149584.00	42.33	OK
stilt100_8	8	3	10149584.00	43.26	OK
stilt100_8	8	4	10149584.00	42.14	OK
stilt100_8	8	5	10149584.00	42.62	OK
stilt100_8	8	6	10149584.00	40.97	OK
stilt100_8	8	7	10149584.00	40.03	OK
stilt100_8	8	8	10149584.00	40.07	OK
stilt100_8	8	9	10149584.00	39.88	OK
stilt100_8	8	10	10149584.00	39.73	OK
stilt100_9	2	1	2505204.00	6.66	OK
stilt100_9	2	2	2505204.00	6.63	OK
stilt100_9	2	3	2505204.00	6.69	OK
stilt100_9	2	4	2505204.00	6.64	OK
stilt100_9	2	5	2505204.00	6.62	OK
stilt100_9	2	6	2505204.00	6.65	OK
stilt100_9	2	7	2505204.00	6.60	OK
stilt100_9	2	8	2505204.00	6.60	OK
stilt100_9	2	9	2505204.00	6.67	OK
stilt100_9	2	10	2505204.00	6.66	OK
stilt100_9	5	1	6336032.00	15.69	OK
stilt100_9	5	2	6336032.00	15.45	OK
stilt100_9	5	3	6336032.00	15.51	OK
stilt100_9	5	4	6251142.00	15.60	OK
stilt100_9	5	5	6336032.00	16.02	OK
stilt100_9	5	6	6336032.00	15.47	OK
stilt100_9	5	7	6336032.00	15.46	OK
stilt100_9	5	8	6336032.00	15.44	OK
stilt100_9	5	9	6336032.00	15.52	OK
stilt100_9	5	10	6336032.00	15.49	OK
stilt100_9	8	1	10718963.00	39.32	OK
stilt100_9	8	2	10718963.00	38.88	OK
stilt100_9	8	3	10718963.00	38.93	OK
stilt100_9	8	4	10718963.00	40.16	OK
stilt100_9	8	5	10718963.00	38.97	OK
stilt100_9	8	6	10718963.00	38.84	OK
stilt100_9	8	7	10718963.00	39.13	OK
stilt100_9	8	8	10718963.00	38.95	OK
stilt100_9	8	9	10718963.00	38.88	OK
stilt100_9	8	10	10718963.00	39.05	OK
stilt316_10	2	1	4887725.00	243.17	OK
stilt316_10	2	2	4887725.00	244.39	OK
stilt316_10	2	3	4887725.00	276.80	OK
stilt316_10	2	4	4887725.00	241.02	OK
stilt316_10	2	5	4887725.00	238.17	OK
stilt316_10	2	6	4887725.00	240.79	OK
stilt316_10	2	7	4887725.00	238.47	OK
stilt316_10	2	8	4887725.00	236.86	OK
stilt316_10	2	9	4887725.00	240.61	OK
stilt316_10	2	10	4887725.00	239.43	OK
stilt316_10	5	1	11342289.00	802.66	OK
stilt316_10	5	2	11342289.00	801.14	OK
stilt316_10	5	3	11342289.00	802.60	OK
stilt316_10	5	4	11256506.00	791.08	OK
stilt316_10	5	5	11342289.00	806.02	OK
stilt316_10	5	6	11342289.00	805.54	OK
stilt316_10	5	7	11342289.00	801.21	OK
stilt316_10	5	8	11342289.00	801.71	OK
stilt316_10	5	9	11415506.00	799.92	OK
stilt316_10	5	10	11342289.00	806.54	OK
stilt316_10	8	1	19827764.00	2498.57	OK
stilt316_10	8	2	19827764.00	2489.75	OK
stilt316_10	8	3	19827764.00	2499.74	OK
stilt316_10	8	4	19827764.00	2502.74	OK
stilt316_10	8	5	19827942.00	2503.08	OK
stilt316_10	8	6	19827764.00	2497.07	OK
stilt316_10	8	7	19827764.00	2500.95	OK
stilt316_10	8	8	19827764.00	2487.18	OK
stilt316_10	8	9	19827764.00	2484.19	OK
stilt316_10	8	10	19827764.00	2507.64	OK
stilt316_11	2	1	4843444.00	176.70	OK
stilt316_11	2	2	4843444.00	176.75	OK
stilt316_11	2	3	4843444.00	176.29	OK
stilt316_11	2	4	4607467.00	176.16	OK
stilt316_11	2	5	4843444.00	177.24	OK
stilt316_11	2	6	4607467.00	176.38	OK
stilt316_11	2	7	4607467.00	176.77	OK
stilt316_11	2	8	4843444.00	176.48	OK
stilt316_11	2	9	4843444.00	176.61	OK
stilt316_11	2	10	4843444.00	177.17	OK
stilt316_11	5	1	12239870.00	736.21	OK
stilt316_11	5	2	12009396.00	736.24	OK
stilt316_11	5	3	12009396.00	736.59	OK
stilt316_11	5	4	12009396.00	739.31	OK
stilt316_11	5	5	12239870.00	736.54	OK
stilt316_11	5	6	12239870.00	736.96	OK
stilt316_11	5	7	12009396.00	738.42	OK
stilt316_11	5	8	12239870.00	734.40	OK
stilt316_11	5	9	12009396.00	734.33	OK
stilt316_11	5	10	12009396.00	737.14	OK
stilt316_11	8	1	19197112.00	2050.57	OK
stilt316_11	8	2	19197112.00	2049.35	OK
stilt316_11	8	3	19197112.00	2041.89	OK
stilt316_11	8	4	19197112.00	2051.21	OK
stilt316_11	8	5	19197112.00	2047.96	OK
stilt316_11	8	6	19625700.00	1997.08	OK
stilt316_11	8	7	19197112.00	2043.02	OK
stilt316_11	8	8	19197112.00	2038.20	OK
stilt316_11	8	9	19197112.00	2047.05	OK
stilt316_11	8	10	19197112.00	2047.24	OK
stilt316_12	2	1	4349217.00	179.92	OK
stilt316_12	2	2	4633885.00	177.05	OK
stilt316_12	2	3	4349217.00	178.52	OK
stilt316_12	2	4	4349217.00	178.77	OK
stilt316_12	2	5	4349217.00	179.72	OK
stilt316_12	2	6	4349217.00	179.36	OK
stilt316_12	2	7	4633885.00	177.32	OK
stilt316_12	2	8	4633885.00	177.11	OK
stilt316_12	2	9	4349217.00	180.16	OK
stilt316_12	2	10	4633885.00	177.39	OK
stilt316_12	5	1	12063824.00	921.57	OK
stilt316_12	5	2	12063824.00	919.25	OK
stilt316_12	5	3	12063824.00	919.61	OK
stilt316_12	5	4	12063824.00	922.42	OK
stilt316_12	5	5	12063824.00	913.49	OK
stilt316_12	5	6	11761141.00	927.43	OK
stilt316_12	5	7	12063824.00	916.31	OK
stilt316_12	5	8	11874847.00	931.48	OK
stilt316_12	5	9	11761141.00	925.95	OK
stilt316_12	5	10	12063824.00	917.98	OK
stilt316_12	8	1	19508348.00	2629.77	OK
stilt316_12	8	2	19815286.00	2626.82	OK
stilt316_12	8	3	19508348.00	2636.51	OK
stilt316_12	8	4	19508348.00	2638.63	OK
stilt316_12	8	5	19815286.00	2638.99	OK
stilt316_12	8	6	19508348.00	2632.27	OK
stilt316_12	8	7	19508348.00	2634.13	OK
stilt316_12	8	8	19508348.00	2629.58	OK
stilt316_12	8	9	19508348.00	2635.54	OK
stilt316_12	8	10	19815286.00	2637.07	OK
stilt316_13	2	1	4769142.00	248.56	OK
stilt316_13	2	2	4838223.00	247.53	OK
stilt316_13	2	3	4873230.00	248.07	OK
stilt316_13	2	4	4873230.00	246.66	OK
stilt316_13	2	5	4873230.00	248.45	OK
stilt316_13	2	6	4838223.00	247.64	OK
stilt316_13	2	7	4873230.00	247.05	OK
stilt316_13	2	8	4838223.00	248.92	OK
stilt316_13	2	9	4729732.00	251.64	OK
stilt316_13	2	10	4838223.00	247.54	OK
stilt316_13	5	1	11494191.00	738.40	OK
stilt316_13	5	2	11564445.00	746.28	OK
stilt316_13	5	3	11564445.00	743.82	OK
stilt316_13	5	4	11564445.00	740.73	OK
stilt316_13	5	5	11629908.00	739.98	OK
stilt316_13	5	6	11564445.00	745.14	OK
stilt316_13	5	7	11585641.00	748.83	OK
stilt316_13	5	8	11564445.00	744.17	OK
stilt316_13	5	9	11494191.00	738.04	OK
stilt316_13	5	10	11564445.00	749.98	OK
stilt316_13	8	1	19477454.00	2209.34	OK
stilt316_13	8	2	19477454.00	2205.21	OK
stilt316_13	8	3	19346032.00	2206.55	OK
stilt316_13	8	4	19477454.00	2209.59	OK
stilt316_13	8	5	19477454.00	2204.89	OK
stilt316_13	8	6	19477454.00	2207.89	OK
stilt316_13	8	7	19477454.00	2209.20	OK
stilt316_13	8	8	19477454.00	2217.01	OK
stilt316_13	8	9	19477454.00	2208.92	OK
stilt316_13	8	10	19477454.00	2218.27	OK
stilt316_14	2	1	4264782.00	197.90	OK
stilt316_14	2	2	4264782.00	196.88	OK
stilt316_14	2	3	4264782.00	196.90	OK
stilt316_14	2	4	4264782.00	197.79	OK
stilt316_14	2	5	4264782.00	197.41	OK
stilt316_14	2	6	4297282.00	198.50	OK
stilt316_14	2	7	4297282.00	197.37	OK
stilt316_14	2	8	4264782.00	196.65	OK
stilt316_14	2	9	4264782.00	196.89	OK
stilt316_14	2	10	4264782.00	196.99	OK
stilt316_14	5	1	11234151.00	824.02	OK
stilt316_14	5	2	11234151.00	822.59	OK
stilt316_14	5	3	11234151.00	821.79	OK
stilt316_14	5	4	11234151.00	817.14	OK
stilt316_14	5	5	11234151.00	818.98	OK
stilt316_14	5	6	11234151.00	818.83	OK
stilt316_14	5	7	11135393.00	815.69	OK
stilt316_14	5	8	11234151.00	821.66	OK
stilt316_14	5	9	11234151.00	820.21	OK
stilt316_14	5	10	11234151.00	822.28	OK
stilt316_14	8	1	18339052.00	2137.14	OK
stilt316_14	8	2	18339052.00	2138.27	OK
stilt316_14	8	3	18339052.00	2141.02	OK
stilt316_14	8	4	18339052.00	2141.86	OK
stilt316_14	8	5	18339052.00	2163.67	OK
stilt316_14	8	6	18339052.00	2219.32	OK
stilt316_14	8	7	18339052.00	2167.43	OK
stilt316_14	8	8	18788040.00	2209.47	OK
stilt316_14	8	9	18339052.00	2158.60	OK
stilt316_14	8	10	18339052.00	2147.42	OK
stilt316_15	2	1	4949209.00	210.74	OK
stilt316_15	2	2	4989577.00	211.63	OK
stilt316_15	2	3	4989577.00	211.05	OK
stilt316_15	2	4	4989577.00	210.28	OK
stilt316_15	2	5	4989577.00	213.12	OK
stilt316_15	2	6	4989577.00	210.50	OK
stilt316_15	2	7	4989577.00	210.68	OK
stilt316_15	2	8	4989577.00	211.29	OK
stilt316_15	2	9	4989577.00	211.34	OK
stilt316_15	2	10	4914921.00	212.55	OK
stilt316_15	5	1	11477309.00	728.29	OK
stilt316_15	5	2	11477309.00	730.52	OK
stilt316_15	5	3	11477309.00	724.68	OK
stilt316_15	5	4	11477309.00	725.17	OK
stilt316_15	5	5	11583335.00	724.04	OK
stilt316_15	5	6	11551256.00	726.94	OK
stilt316_15	5	7	11583335.00	725.53	OK
stilt316_15	5	8	11477309.00	724.74	OK
stilt316_15	5	9	11583335.00	726.89	OK
stilt316_15	5	10	11477309.00	726.49	OK
stilt316_15	8	1	18925124.00	2450.20	OK
stilt316_15	8	2	18925124.00	2478.65	OK
stilt316_15	8	3	18925124.00	2466.20	OK
stilt316_15	8	4	18925124.00	2451.52	OK
stilt316_15	8	5	18925124.00	2475.18	OK
stilt316_15	8	6	18925124.00	2470.60	OK
stilt316_15	8	7	18925124.00	2459.14	OK
stilt316_15	8	8	18925124.00	2456.38	OK
stilt316_15	8	9	18925124.00	2468.21	OK
stilt316_15	8	10	18925124.00	2479.32	OK
stilt316_16	2	1	4274751.00	180.71	OK
stilt316_16	2	2	4274751.00	180.59	OK
stilt316_16	2	3	4274751.00	180.87	OK
stilt316_16	2	4	4274751.00	179.71	OK
stilt316_16	2	5	4274751.00	179.33	OK
stilt316_16	2	6	4274751.00	179.85	OK
stilt316_16	2	7	4247769.00	188.76	OK
stilt316_16	2	8	4274751.00	181.96	OK
stilt316_16	2	9	4274751.00	213.17	OK
stilt316_16	2	10	4258999.00	186.27	OK
stilt316_16	5	1	11724794.00	733.41	OK
stilt316_16	5	2	11724794.00	733.19	OK
stilt316_16	5	3	11724794.00	728.05	OK
stilt316_16	5	4	11724794.00	730.91	OK
stilt316_16	5	5	11724794.00	730.09	OK
stilt316_16	5	6	11432574.00	740.49	OK
stilt316_16	5	7	11432574.00	735.42	OK
stilt316_16	5	8	11432574.00	741.68	OK
stilt316_16	5	9	11432574.00	732.28	OK
stilt316_16	5	10	11432574.00	725.34	OK
stilt316_16	8	1	19730284.00	2115.95	OK
stilt316_16	8	2	19730284.00	2123.43	OK
stilt316_16	8	3	19730284.00	2128.48	OK
stilt316_16	8	4	19730284.00	2106.15	OK
stilt316_16	8	5	19730284.00	2122.80	OK
stilt316_16	8	6	19730284.00	2096.20	OK
stilt316_16	8	7	19730284.00	2106.83	OK
stilt316_16	8	8	19730284.00	2111.52	OK
stilt316_16	8	9	19730284.00	2124.06	OK
stilt316_16	8	10	19730284.00	2129.94	OK
stilt316_17	2	1	5063101.00	226.06	OK
stilt316_17	2	2	5063101.00	226.65	OK
stilt316_17	2	3	4900067.00	229.98	OK
stilt316_17	2	4	5063101.00	226.70	OK
stilt316_17	2	5	4803229.00	226.90	OK
stilt316_17	2	6	5063101.00	228.74	OK
stilt316_17	2	7	4900067.00	232.04	OK
stilt316_17	2	8	5063101.00	229.05	OK
stilt316_17	2	9	5063101.00	228.47	OK
stilt316_17	2	10	5063101.00	228.48	OK
stilt316_17	5	1	12340200.00	710.45	OK
stilt316_17	5	2	12340200.00	715.78	OK
stilt316_17	5	3	12340200.00	709.38	OK
stilt316_17	5	4	12340200.00	709.92	OK
stilt316_17	5	5	12340200.00	710.26	OK
stilt316_17	5	6	12054310.00	709.84	OK
stilt316_17	5	7	12340200.00	712.19	OK
stilt316_17	5	8	12054310.00	713.43	OK
stilt316_17	5	9	12340200.00	709.94	OK
stilt316_17	5	10	12054310.00	711.15	OK
stilt316_17	8	1	19967902.00	2255.68	OK
stilt316_17	8	2	19664176.00	2222.59	OK
stilt316_17	8	3	19967902.00	2260.12	OK
stilt316_17	8	4	19967902.00	2245.01	OK
stilt316_17	8	5	19967902.00	2243.08	OK
stilt316_17	8	6	19967902.00	2255.83	OK
stilt316_17	8	7	19967902.00	2251.76	OK
stilt316_17	8	8	20113460.00	2255.91	OK
stilt316_17	8	9	19967902.00	2254.98	OK
stilt316_17	8	10	19967902.00	2258.76	OK
stilt316_18	2	1	4314798.00	176.28	OK
stilt316_18	2	2	4314798.00	177.33	OK
stilt316_18	2	3	4250694.00	176.35	OK
stilt316_18	2	4	4314798.00	176.59	OK
stilt316_18	2	5	4314798.00	175.07	OK
stilt316_18	2	6	4314798.00	176.81	OK
stilt316_18	2	7	4327533.00	177.46	OK
stilt316_18	2	8	4314798.00	175.83	OK
stilt316_18	2	9	4314798.00	175.67	OK
stilt316_18	2	10	4314798.00	175.43	OK
stilt316_18	5	1	10921926.00	786.25	OK
stilt316_18	5	2	10921926.00	786.79	OK
stilt316_18	5	3	10921926.00	784.68	OK
stilt316_18	5	4	10921926.00	790.42	OK
stilt316_18	5	5	10921926.00	785.62	OK
stilt316_18	5	6	10921926.00	777.88	OK
stilt316_18	5	7	10921926.00	786.88	OK
stilt316_18	5	8	10921926.00	787.08	OK
stilt316_18	5	9	10921926.00	785.84	OK
stilt316_18	5	10	10921926.00	787.17	OK
stilt316_18	8	1	18634790.00	2499.22	OK
stilt316_18	8	2	18597156.00	2492.63	OK
stilt316_18	8	3	18635568.00	2520.79	OK
stilt316_18	8	4	18635568.00	2494.98	OK
stilt316_18	8	5	18635568.00	2499.46	OK
stilt316_18	8	6	18638384.00	2471.77	OK
stilt316_18	8	7	18638384.00	2477.26	OK
stilt316_18	8	8	18635568.00	2488.95	OK
stilt316_18	8	9	18635568.00	2480.53	OK
stilt316_18	8	10	18638384.00	2439.77	OK
stilt316_19	2	1	4555416.00	174.90	OK
stilt316_19	2	2	4555416.00	176.93	OK
stilt316_19	2	3	4555416.00	180.96	OK
stilt316_19	2	4	4555416.00	181.15	OK
stilt316_19	2	5	4555416.00	182.11	OK
stilt316_19	2	6	4555416.00	182.10	OK
stilt316_19	2	7	4555416.00	176.93	OK
stilt316_19	2	8	4555416.00	176.84	OK
stilt316_19	2	9	4555416.00	177.20	OK
stilt316_19	2	10	4555416.00	181.02	OK
stilt316_19	5	1	11653189.00	691.84	OK
stilt316_19	5	2	11101508.00	706.59	OK
stilt316_19	5	3	11653189.00	735.89	OK
stilt316_19	5	4	11653189.00	697.09	OK
stilt316_19	5	5	11653189.00	693.32	OK
stilt316_19	5	6	11653189.00	696.75	OK
stilt316_19	5	7	11653189.00	707.49	OK
stilt316_19	5	8	11330148.00	714.13	OK
stilt316_19	5	9	11653189.00	714.41	OK
stilt316_19	5	10	11653189.00	718.77	OK
stilt316_19	8	1	18434836.00	1970.45	OK
stilt316_19	8	2	18434836.00	1969.50	OK
stilt316_19	8	3	18434836.00	1973.32	OK
stilt316_19	8	4	18434836.00	1964.88	OK
stilt316_19	8	5	18434836.00	1973.46	OK
stilt316_19	8	6	18434836.00	1968.59	OK
stilt316_19	8	7	18434836.00	1967.63	OK
stilt316_19	8	8	18434836.00	1972.72	OK
stilt316_19	8	9	18434836.00	1971.26	OK
stilt316_19	8	10	18434836.00	1968.87	OK
td100_1	2	1	37456.00	2.43	OK
td100_1	2	2	37456.00	2.43	OK
td100_1	2	3	37456.00	3.19	OK
td100_1	2	4	37456.00	3.20	OK
td100_1	2	5	37456.00	3.19	OK
td100_1	2	6	37456.00	3.15	OK
td100_1	2	7	37456.00	3.21	OK
td100_1	2	8	37456.00	3.14	OK
td100_1	2	9	37456.00	3.15	OK
td100_1	2	10	37456.00	3.16	OK
td100_1	5	1	87050.00	4.61	OK
td100_1	5	2	87050.00	4.61	OK
td100_1	5	3	87050.00	5.14	OK
td100_1	5	4	87050.00	4.67	OK
td100_1	5	5	87050.00	4.66	OK
td100_1	5	6	87050.00	4.69	OK
td100_1	5	7	87050.00	4.63	OK
td100_1	5	8	87050.00	4.59	OK
td100_1	5	9	87050.00	4.65	OK
td100_1	5	10	87050.00	4.62	OK
td100_1	8	1	158677.00	22.90	OK
td100_1	8	2	158677.00	22.86	OK
td100_1	8	3	158677.00	22.72	OK
td100_1	8	4	158677.00	22.91	OK
td100_1	8	5	158677.00	22.84	OK
td100_1	8	6	158677.00	22.94	OK
td100_1	8	7	158677.00	22.82	OK
td100_1	8	8	158677.00	22.72	OK
td100_1	8	9	158711.00	22.57	OK
td100_1	8	10	158677.00	22.79	OK
td316_10	2	1	82989.00	89.93	OK
td316_10	2	2	82989.00	89.19	OK
td316_10	2	3	82989.00	89.56	OK
td316_10	2	4	82989.00	90.10	OK
td316_10	2	5	82989.00	89.72	OK
td316_10	2	6	82989.00	90.24	OK
td316_10	2	7	82989.00	89.65	OK
td316_10	2	8	82989.00	89.50	OK
td316_10	2	9	82989.00	89.19	OK
td316_10	2	10	82989.00	89.59	OK
td316_10	5	1	213965.00	347.41	OK
td316_10	5	2	213965.00	348.44	OK
td316_10	5	3	212884.00	348.35	OK
td316_10	5	4	213965.00	347.03	OK
td316_10	5	5	212884.00	347.00	OK
td316_10	5	6	213965.00	348.21	OK
td316_10	5	7	213965.00	347.14	OK
td316_10	5	8	213965.00	345.81	OK
td316_10	5	9	211325.00	346.97	OK
td316_10	5	10	213965.00	348.39	OK
td316_10	8	1	397848.00	1341.09	OK
td316_10	8	2	399432.00	1350.60	OK
td316_10	8	3	399432.00	1336.20	OK
td316_10	8	4	399432.00	1345.40	OK
td316_10	8	5	399432.00	1345.38	OK
td316_10	8	6	399432.00	1344.95	OK
td316_10	8	7	399432.00	1350.38	OK
td316_10	8	8	399432.00	1342.50	OK
td316_10	8	9	399432.00	1343.96	OK
td316_10	8	10	399432.00	1351.93	OK
