instance	g	run	solution	time
atex1	2	1	1028.00	0.01
atex1	2	2	1028.00	0.01
atex1	2	3	1028.00	0.01
atex1	2	4	1028.00	0.01
atex1	2	5	1028.00	0.01
atex1	2	6	1028.00	0.01
atex1	2	7	1028.00	0.01
atex1	2	8	1028.00	0.01
atex1	2	9	1028.00	0.01
atex1	2	10	1028.00	0.01
atex1	5	1	1597.00	0.03
atex1	5	2	1597.00	0.03
atex1	5	3	1597.00	0.03
atex1	5	4	1597.00	0.03
atex1	5	5	1597.00	0.03
atex1	5	6	1597.00	0.03
atex1	5	7	1597.00	0.03
atex1	5	8	1597.00	0.03
atex1	5	9	1597.00	0.03
atex1	5	10	1597.00	0.03
atex1	8	1	1597.00	0.01
atex1	8	2	1597.00	0.01
atex1	8	3	1597.00	0.01
atex1	8	4	1597.00	0.01
atex1	8	5	1597.00	0.01
atex1	8	6	1597.00	0.01
atex1	8	7	1597.00	0.01
atex1	8	8	1597.00	0.01
atex1	8	9	1597.00	0.01
atex1	8	10	1597.00	0.01
atex3	2	1	1580.00	0.05
atex3	2	2	1580.00	0.04
atex3	2	3	1580.00	0.05
atex3	2	4	1580.00	0.04
atex3	2	5	1580.00	0.04
atex3	2	6	1580.00	0.05
atex3	2	7	1580.00	0.05
atex3	2	8	1580.00	0.04
atex3	2	9	1580.00	0.04
atex3	2	10	1580.00	0.05
atex3	5	1	1943.00	0.10
atex3	5	2	1943.00	0.11
atex3	5	3	1943.00	0.11
atex3	5	4	1943.00	0.11
atex3	5	5	1943.00	0.12
atex3	5	6	1943.00	0.12
atex3	5	7	1943.00	0.10
atex3	5	8	1943.00	0.10
atex3	5	9	1943.00	0.10
atex3	5	10	1943.00	0.12
atex3	8	1	2464.00	0.22
atex3	8	2	2464.00	0.22
atex3	8	3	2464.00	0.22
atex3	8	4	2464.00	0.21
atex3	8	5	2464.00	0.23
atex3	8	6	2464.00	0.17
atex3	8	7	2464.00	0.17
atex3	8	8	2464.00	0.17
atex3	8	9	2464.00	0.17
atex3	8	10	2464.00	0.17
atex4	2	1	2310.00	0.36
atex4	2	2	2310.00	0.37
atex4	2	3	2310.00	0.37
atex4	2	4	2310.00	0.39
atex4	2	5	2310.00	0.37
atex4	2	6	2310.00	0.39
atex4	2	7	2310.00	0.37
atex4	2	8	2310.00	0.36
atex4	2	9	2310.00	0.36
atex4	2	10	2310.00	0.36
atex4	5	1	2320.00	0.42
atex4	5	2	2320.00	0.43
atex4	5	3	2320.00	0.40
atex4	5	4	2320.00	0.42
atex4	5	5	2320.00	0.41
atex4	5	6	2320.00	0.40
atex4	5	7	2320.00	0.41
atex4	5	8	2320.00	0.40
atex4	5	9	2320.00	0.42
atex4	5	10	2320.00	0.42
atex4	8	1	2503.00	64.89
atex4	8	2	2465.00	0.87
atex4	8	3	2465.00	0.87
atex4	8	4	2503.00	65.93
atex4	8	5	2465.00	0.85
atex4	8	6	2465.00	0.85
atex4	8	7	2498.00	0.87
atex4	8	8	2481.00	1.85
atex4	8	9	2465.00	0.86
atex4	8	10	2465.00	0.85
atex5	2	1	3288.00	0.71
atex5	2	2	3288.00	0.71
atex5	2	3	3288.00	0.67
atex5	2	4	3288.00	0.71
atex5	2	5	3288.00	0.69
atex5	2	6	3288.00	0.68
atex5	2	7	3288.00	0.70
atex5	2	8	3288.00	0.69
atex5	2	9	3288.00	0.69
atex5	2	10	3288.00	0.68
atex5	5	1	3281.00	0.75
atex5	5	2	3281.00	0.75
atex5	5	3	3281.00	0.73
atex5	5	4	3281.00	0.76
atex5	5	5	3281.00	0.75
atex5	5	6	3281.00	0.75
atex5	5	7	3281.00	0.74
atex5	5	8	3281.00	0.76
atex5	5	9	3281.00	0.73
atex5	5	10	3281.00	0.76
atex5	8	1	3763.00	2.68
atex5	8	2	3765.00	2.64
atex5	8	3	3763.00	2.69
atex5	8	4	3765.00	2.65
atex5	8	5	3763.00	2.65
atex5	8	6	3763.00	2.68
atex5	8	7	3763.00	2.70
atex5	8	8	3763.00	2.67
atex5	8	9	3765.00	2.70
atex5	8	10	3763.00	2.66
br17	2	1	39.00	0.11
br17	2	2	39.00	0.10
br17	2	3	39.00	0.11
br17	2	4	39.00	0.10
br17	2	5	39.00	0.11
br17	2	6	39.00	0.10
br17	2	7	39.00	0.10
br17	2	8	39.00	0.11
br17	2	9	39.00	0.10
br17	2	10	39.00	0.09
br17	5	1	39.00	0.09
br17	5	2	39.00	0.08
br17	5	3	39.00	0.09
br17	5	4	39.00	0.10
br17	5	5	39.00	0.09
br17	5	6	39.00	0.09
br17	5	7	39.00	0.09
br17	5	8	39.00	0.10
br17	5	9	39.00	0.08
br17	5	10	39.00	0.09
br17	8	1	39.00	0.07
br17	8	2	39.00	0.07
br17	8	3	39.00	0.08
br17	8	4	39.00	0.08
br17	8	5	39.00	0.06
br17	8	6	39.00	0.08
br17	8	7	39.00	0.08
br17	8	8	39.00	0.08
br17	8	9	39.00	0.06
br17	8	10	39.00	0.08
code198	2	1	842.00	275.61
code198	2	2	842.00	274.74
code198	2	3	842.00	274.91
code198	2	4	842.00	274.30
code198	2	5	842.00	274.78
code198	2	6	842.00	275.46
code198	2	7	842.00	275.35
code198	2	8	842.00	275.43
code198	2	9	842.00	275.29
code198	2	10	842.00	275.90
code198	5	1	842.00	255.99
code198	5	2	842.00	256.43
code198	5	3	842.00	255.65
code198	5	4	842.00	256.09
code198	5	5	842.00	256.10
code198	5	6	842.00	256.48
code198	5	7	842.00	256.91
code198	5	8	842.00	256.31
code198	5	9	842.00	255.41
code198	5	10	842.00	256.89
code198	8	1	842.00	162.55
code198	8	2	842.00	161.57
code198	8	3	842.00	167.39
code198	8	4	842.00	163.53
code198	8	5	842.00	163.12
code198	8	6	842.00	167.91
code198	8	7	842.00	160.99
code198	8	8	842.00	168.30
code198	8	9	842.00	162.18
code198	8	10	842.00	163.56
code253	2	1	6263.00	114.08
code253	2	2	6263.00	114.77
code253	2	3	6263.00	113.70
code253	2	4	6263.00	113.88
code253	2	5	6263.00	114.38
code253	2	6	6263.00	114.11
code253	2	7	6263.00	113.88
code253	2	8	6263.00	114.65
code253	2	9	6263.00	113.98
code253	2	10	6263.00	113.94
code253	5	1	6263.00	36.62
code253	5	2	6263.00	36.19
code253	5	3	6263.00	35.65
code253	5	4	6263.00	36.31
code253	5	5	6263.00	36.29
code253	5	6	6263.00	36.03
code253	5	7	6263.00	36.10
code253	5	8	6263.00	36.04
code253	5	9	6263.00	36.01
code253	5	10	6263.00	36.03
code253	8	1	26074.00	246.14
code253	8	2	26074.00	243.31
code253	8	3	26074.00	245.02
code253	8	4	26074.00	244.77
code253	8	5	26074.00	247.77
code253	8	6	26074.00	245.89
code253	8	7	26074.00	246.01
code253	8	8	26074.00	243.39
code253	8	9	26074.00	248.65
code253	8	10	26074.00	245.67
crane100_0	2	1	1519569.00	0.81
crane100_0	2	2	1519569.00	0.80
crane100_0	2	3	1519569.00	0.80
crane100_0	2	4	1519569.00	0.81
crane100_0	2	5	1519569.00	0.80
crane100_0	2	6	1519569.00	0.81
crane100_0	2	7	1519569.00	0.82
crane100_0	2	8	1519569.00	0.80
crane100_0	2	9	1519569.00	0.80
crane100_0	2	10	1519569.00	0.81
crane100_0	5	1	3302304.00	2.00
crane100_0	5	2	3302304.00	2.02
crane100_0	5	3	3319206.00	2.01
crane100_0	5	4	3304315.00	2.01
crane100_0	5	5	3302304.00	2.03
crane100_0	5	6	3319206.00	2.01
crane100_0	5	7	3304315.00	1.98
crane100_0	5	8	3319206.00	1.99
crane100_0	5	9	3302304.00	2.01
crane100_0	5	10	3319206.00	1.99
crane100_0	8	1	5384005.00	5.17
crane100_0	8	2	5393904.00	5.48
crane100_0	8	3	5384005.00	5.18
crane100_0	8	4	5378368.00	5.00
crane100_0	8	5	5369532.00	5.21
crane100_0	8	6	5369532.00	5.24
crane100_0	8	7	5391097.00	5.20
crane100_0	8	8	5369532.00	5.16
crane100_0	8	9	5369532.00	5.18
crane100_0	8	10	5369532.00	5.16
crane100_1	2	1	1029922.00	1.12
crane100_1	2	2	1029922.00	1.12
crane100_1	2	3	1029922.00	1.10
crane100_1	2	4	1029922.00	1.13
crane100_1	2	5	1029922.00	1.10
crane100_1	2	6	1029922.00	1.13
crane100_1	2	7	1029922.00	1.10
crane100_1	2	8	1029922.00	1.13
crane100_1	2	9	1029922.00	1.11
crane100_1	2	10	1029922.00	1.13
crane100_1	5	1	2797071.00	1.71
crane100_1	5	2	2806178.00	1.78
crane100_1	5	3	2816284.00	1.74
crane100_1	5	4	2806178.00	1.77
crane100_1	5	5	2797071.00	1.72
crane100_1	5	6	2797071.00	1.72
crane100_1	5	7	2797071.00	1.73
crane100_1	5	8	2797071.00	1.73
crane100_1	5	9	2797071.00	1.72
crane100_1	5	10	2764724.00	1.74
crane100_1	8	1	4812503.00	5.49
crane100_1	8	2	4812503.00	5.60
crane100_1	8	3	4812503.00	5.52
crane100_1	8	4	4839557.00	5.65
crane100_1	8	5	4812503.00	5.59
crane100_1	8	6	4814961.00	5.58
crane100_1	8	7	4812503.00	5.54
crane100_1	8	8	4867623.00	5.64
crane100_1	8	9	4812503.00	5.52
crane100_1	8	10	4864705.00	5.67
crane100_2	2	1	1318394.00	0.86
crane100_2	2	2	1318394.00	0.87
crane100_2	2	3	1318394.00	0.87
crane100_2	2	4	1318394.00	0.87
crane100_2	2	5	1318394.00	0.84
crane100_2	2	6	1318394.00	0.87
crane100_2	2	7	1318394.00	0.84
crane100_2	2	8	1318394.00	0.87
crane100_2	2	9	1318394.00	0.86
crane100_2	2	10	1318394.00	0.87
crane100_2	5	1	2967927.00	1.65
crane100_2	5	2	2972046.00	1.65
crane100_2	5	3	2967927.00	1.65
crane100_2	5	4	2972046.00	1.66
crane100_2	5	5	2972046.00	1.65
crane100_2	5	6	2971785.00	1.64
crane100_2	5	7	2972046.00	1.64
crane100_2	5	8	2989667.00	1.65
crane100_2	5	9	2957331.00	1.66
crane100_2	5	10	2957331.00	1.66
crane100_2	8	1	5340205.00	6.02
crane100_2	8	2	5340205.00	5.97
crane100_2	8	3	5192614.00	5.88
crane100_2	8	4	5278907.00	5.89
crane100_2	8	5	5340205.00	6.00
crane100_2	8	6	5177422.00	5.94
crane100_2	8	7	5192614.00	5.85
crane100_2	8	8	5278907.00	5.86
crane100_2	8	9	5317456.00	5.78
crane100_2	8	10	5278907.00	5.82
crane100_3	2	1	1524971.00	1.26
crane100_3	2	2	1524971.00	1.24
crane100_3	2	3	1524971.00	1.27
crane100_3	2	4	1524971.00	1.26
crane100_3	2	5	1524971.00	1.25
crane100_3	2	6	1524971.00	1.28
crane100_3	2	7	1524971.00	1.27
crane100_3	2	8	1524971.00	1.26
crane100_3	2	9	1524971.00	1.26
crane100_3	2	10	1524971.00	1.28
crane100_3	5	1	2995562.00	2.79
crane100_3	5	2	2998466.00	2.75
crane100_3	5	3	2998466.00	2.77
crane100_3	5	4	3010187.00	2.79
crane100_3	5	5	2916423.00	2.81
crane100_3	5	6	2998466.00	2.79
crane100_3	5	7	2994353.00	2.79
crane100_3	5	8	2916423.00	2.76
crane100_3	5	9	3016595.00	2.78
crane100_3	5	10	2933003.00	2.78
crane100_3	8	1	4927487.00	6.14
crane100_3	8	2	4927487.00	6.05
crane100_3	8	3	4804082.00	5.98
crane100_3	8	4	4900517.00	6.07
crane100_3	8	5	4927487.00	6.08
crane100_3	8	6	4927487.00	6.11
crane100_3	8	7	4914956.00	5.95
crane100_3	8	8	4927487.00	6.08
crane100_3	8	9	4927487.00	6.10
crane100_3	8	10	4827929.00	5.99
crane100_4	2	1	1185142.00	0.82
crane100_4	2	2	1185142.00	0.83
crane100_4	2	3	1185142.00	0.84
crane100_4	2	4	1185142.00	0.84
crane100_4	2	5	1185142.00	0.83
crane100_4	2	6	1185142.00	0.83
crane100_4	2	7	1185142.00	0.83
crane100_4	2	8	1185142.00	0.83
crane100_4	2	9	1185142.00	0.83
crane100_4	2	10	1185142.00	0.84
crane100_4	5	1	3000202.00	1.55
crane100_4	5	2	3000202.00	1.59
crane100_4	5	3	3000202.00	1.59
crane100_4	5	4	3000202.00	1.61
crane100_4	5	5	2983009.00	1.59
crane100_4	5	6	3000202.00	1.60
crane100_4	5	7	3000202.00	1.58
crane100_4	5	8	2983009.00	1.59
crane100_4	5	9	3000202.00	1.59
crane100_4	5	10	3000202.00	1.57
crane100_4	8	1	5417318.00	7.17
crane100_4	8	2	5443523.00	6.79
crane100_4	8	3	5417318.00	7.16
crane100_4	8	4	5417318.00	7.23
crane100_4	8	5	5153094.00	6.35
crane100_4	8	6	5417318.00	7.30
crane100_4	8	7	5148223.00	6.42
crane100_4	8	8	5417318.00	7.19
crane100_4	8	9	5417318.00	7.23
crane100_4	8	10	5417318.00	7.22
crane100_5	2	1	1284202.00	1.22
crane100_5	2	2	1275669.00	1.22
crane100_5	2	3	1284202.00	1.23
crane100_5	2	4	1284202.00	1.22
crane100_5	2	5	1296213.00	1.21
crane100_5	2	6	1284202.00	1.21
crane100_5	2	7	1284202.00	1.21
crane100_5	2	8	1284202.00	1.20
crane100_5	2	9	1284202.00	1.23
crane100_5	2	10	1284202.00	1.20
crane100_5	5	1	3046928.00	2.61
crane100_5	5	2	3046928.00	2.62
crane100_5	5	3	3068939.00	2.88
crane100_5	5	4	3068939.00	2.81
crane100_5	5	5	3046928.00	2.61
crane100_5	5	6	3046928.00	2.63
crane100_5	5	7	3046928.00	2.61
crane100_5	5	8	3046928.00	2.63
crane100_5	5	9	3046928.00	2.60
crane100_5	5	10	3046928.00	2.62
crane100_5	8	1	5547544.00	8.13
crane100_5	8	2	5577333.00	7.97
crane100_5	8	3	5592040.00	7.98
crane100_5	8	4	5474038.00	8.00
crane100_5	8	5	5359009.00	7.93
crane100_5	8	6	5359009.00	7.85
crane100_5	8	7	5254170.00	8.03
crane100_5	8	8	5496457.00	8.43
crane100_5	8	9	5522469.00	7.84
crane100_5	8	10	5312994.00	8.77
crane100_6	2	1	1026234.00	1.14
crane100_6	2	2	1026234.00	1.09
crane100_6	2	3	1026234.00	1.10
crane100_6	2	4	1026234.00	1.10
crane100_6	2	5	1026234.00	1.13
crane100_6	2	6	1026234.00	1.13
crane100_6	2	7	1026234.00	1.12
crane100_6	2	8	1026234.00	1.11
crane100_6	2	9	1026234.00	1.10
crane100_6	2	10	1026234.00	1.11
crane100_6	5	1	2340667.00	1.78
crane100_6	5	2	2340667.00	1.77
crane100_6	5	3	2340667.00	1.77
crane100_6	5	4	2340667.00	1.77
crane100_6	5	5	2353936.00	1.73
crane100_6	5	6	2340667.00	1.78
crane100_6	5	7	2340667.00	1.75
crane100_6	5	8	2331938.00	1.82
crane100_6	5	9	2340667.00	1.79
crane100_6	5	10	2340667.00	1.77
crane100_6	8	1	4255520.00	6.13
crane100_6	8	2	4255520.00	6.20
crane100_6	8	3	4311121.00	6.27
crane100_6	8	4	4323256.00	6.22
crane100_6	8	5	4255520.00	6.14
crane100_6	8	6	4255520.00	6.13
crane100_6	8	7	4323256.00	6.26
crane100_6	8	8	4255520.00	6.17
crane100_6	8	9	4255520.00	6.14
crane100_6	8	10	4311121.00	6.38
crane100_7	2	1	1336728.00	1.12
crane100_7	2	2	1336728.00	1.12
crane100_7	2	3	1336728.00	1.10
crane100_7	2	4	1336728.00	1.13
crane100_7	2	5	1336728.00	1.13
crane100_7	2	6	1336728.00	1.14
crane100_7	2	7	1336728.00	1.11
crane100_7	2	8	1336728.00	1.11
crane100_7	2	9	1336728.00	1.11
crane100_7	2	10	1336728.00	1.13
crane100_7	5	1	2754428.00	1.89
crane100_7	5	2	2755415.00	1.87
crane100_7	5	3	2754428.00	1.87
crane100_7	5	4	2755415.00	1.91
crane100_7	5	5	2754428.00	1.89
crane100_7	5	6	2755415.00	1.88
crane100_7	5	7	2754428.00	1.89
crane100_7	5	8	2755415.00	1.88
crane100_7	5	9	2754428.00	1.86
crane100_7	5	10	2754428.00	1.86
crane100_7	8	1	4821095.00	6.06
crane100_7	8	2	4777047.00	6.09
crane100_7	8	3	4829411.00	6.22
crane100_7	8	4	4588833.00	6.19
crane100_7	8	5	4647094.00	6.05
crane100_7	8	6	4777047.00	6.10
crane100_7	8	7	4647094.00	6.08
crane100_7	8	8	4647094.00	5.98
crane100_7	8	9	4777047.00	6.14
crane100_7	8	10	4647094.00	6.09
crane100_8	2	1	1442946.00	0.95
crane100_8	2	2	1442946.00	0.96
crane100_8	2	3	1442946.00	0.94
crane100_8	2	4	1442946.00	0.96
crane100_8	2	5	1442946.00	0.95
crane100_8	2	6	1442946.00	0.93
crane100_8	2	7	1442946.00	0.95
crane100_8	2	8	1442946.00	0.94
crane100_8	2	9	1442946.00	0.94
crane100_8	2	10	1442946.00	0.95
crane100_8	5	1	3433661.00	2.44
crane100_8	5	2	3433661.00	2.41
crane100_8	5	3	3433661.00	2.39
crane100_8	5	4	3433661.00	2.44
crane100_8	5	5	3433661.00	2.39
crane100_8	5	6	3433661.00	2.48
crane100_8	5	7	3433661.00	2.43
crane100_8	5	8	3433661.00	2.46
crane100_8	5	9	3433661.00	2.47
crane100_8	5	10	3433661.00	2.45
crane100_8	8	1	5181073.00	7.18
crane100_8	8	2	5181073.00	7.12
crane100_8	8	3	5181073.00	7.06
crane100_8	8	4	5181073.00	7.21
crane100_8	8	5	5181073.00	7.36
crane100_8	8	6	5181073.00	7.16
crane100_8	8	7	5030581.00	7.12
crane100_8	8	8	5181073.00	7.23
crane100_8	8	9	5181073.00	7.08
crane100_8	8	10	5030581.00	7.15
crane100_9	2	1	1331873.00	0.95
crane100_9	2	2	1331873.00	0.97
crane100_9	2	3	1331873.00	0.98
crane100_9	2	4	1331873.00	0.97
crane100_9	2	5	1331873.00	0.96
crane100_9	2	6	1331873.00	0.97
crane100_9	2	7	1331873.00	0.95
crane100_9	2	8	1331873.00	0.97
crane100_9	2	9	1331873.00	0.96
crane100_9	2	10	1331873.00	0.96
crane100_9	5	1	2939190.00	1.89
crane100_9	5	2	2997909.00	1.91
crane100_9	5	3	2939190.00	1.90
crane100_9	5	4	2939190.00	1.93
crane100_9	5	5	2939190.00	1.92
crane100_9	5	6	2939190.00	1.91
crane100_9	5	7	2939190.00	1.92
crane100_9	5	8	2939190.00	1.89
crane100_9	5	9	2939190.00	1.91
crane100_9	5	10	2939190.00	1.89
crane100_9	8	1	4703389.00	5.33
crane100_9	8	2	4703389.00	5.34
crane100_9	8	3	4703389.00	5.39
crane100_9	8	4	4703389.00	5.35
crane100_9	8	5	4703389.00	5.41
crane100_9	8	6	4703389.00	5.38
crane100_9	8	7	4703389.00	5.34
crane100_9	8	8	4703389.00	5.37
crane100_9	8	9	4703389.00	5.40
crane100_9	8	10	4703389.00	5.35
crane316_10	2	1	1944924.00	33.35
crane316_10	2	2	1944924.00	32.96
crane316_10	2	3	1928193.00	32.63
crane316_10	2	4	1928193.00	32.43
crane316_10	2	5	1937597.00	33.01
crane316_10	2	6	1944924.00	33.08
crane316_10	2	7	1944924.00	33.07
crane316_10	2	8	1944924.00	33.22
crane316_10	2	9	1944924.00	32.98
crane316_10	2	10	1959307.00	33.71
crane316_10	5	1	5228747.00	108.58
crane316_10	5	2	5228747.00	108.30
crane316_10	5	3	5228747.00	108.12
crane316_10	5	4	5156101.00	105.51
crane316_10	5	5	5228747.00	109.30
crane316_10	5	6	5156101.00	107.23
crane316_10	5	7	5156101.00	107.35
crane316_10	5	8	5156101.00	105.17
crane316_10	5	9	5156101.00	106.05
crane316_10	5	10	5228747.00	108.37
crane316_10	8	1	8969672.00	441.69
crane316_10	8	2	8969672.00	445.40
crane316_10	8	3	8817360.00	429.28
crane316_10	8	4	9002720.00	468.58
crane316_10	8	5	8954593.00	445.99
crane316_10	8	6	9002720.00	469.25
crane316_10	8	7	8969672.00	438.89
crane316_10	8	8	8835195.00	502.52
crane316_10	8	9	9002720.00	470.46
crane316_10	8	10	8969672.00	446.64
crane316_11	2	1	2123743.00	30.89
crane316_11	2	2	2123743.00	30.93
crane316_11	2	3	2123743.00	30.70
crane316_11	2	4	2215721.00	30.15
crane316_11	2	5	2123743.00	31.08
crane316_11	2	6	2123743.00	31.11
crane316_11	2	7	2215721.00	30.15
crane316_11	2	8	2123743.00	30.75
crane316_11	2	9	2123743.00	30.93
crane316_11	2	10	2123743.00	30.73
crane316_11	5	1	5437277.00	91.12
crane316_11	5	2	5437277.00	92.39
crane316_11	5	3	5449036.00	91.14
crane316_11	5	4	5449036.00	90.59
crane316_11	5	5	5449036.00	91.78
crane316_11	5	6	5437277.00	91.36
crane316_11	5	7	5435303.00	90.99
crane316_11	5	8	5449036.00	92.85
crane316_11	5	9	5449036.00	91.79
crane316_11	5	10	5522314.00	92.23
crane316_11	8	1	8873169.00	420.45
crane316_11	8	2	8988757.00	434.16
crane316_11	8	3	8873169.00	419.40
crane316_11	8	4	8988757.00	434.73
crane316_11	8	5	8873169.00	419.71
crane316_11	8	6	8873169.00	419.56
crane316_11	8	7	8988757.00	435.65
crane316_11	8	8	8988757.00	435.19
crane316_11	8	9	8988757.00	432.60
crane316_11	8	10	8873169.00	419.32
crane316_12	2	1	2241885.00	33.34
crane316_12	2	2	2235248.00	33.51
crane316_12	2	3	2254509.00	32.93
crane316_12	2	4	2254509.00	33.27
crane316_12	2	5	2241885.00	33.48
crane316_12	2	6	2169116.00	33.30
crane316_12	2	7	2254509.00	33.60
crane316_12	2	8	2202120.00	33.16
crane316_12	2	9	2241885.00	33.59
crane316_12	2	10	2254509.00	33.28
crane316_12	5	1	5139844.00	109.20
crane316_12	5	2	5139844.00	107.73
crane316_12	5	3	5139844.00	108.33
crane316_12	5	4	5139844.00	108.14
crane316_12	5	5	5139844.00	107.69
crane316_12	5	6	5197040.00	107.50
crane316_12	5	7	5197040.00	107.17
crane316_12	5	8	5170469.00	108.52
crane316_12	5	9	5139844.00	109.66
crane316_12	5	10	5139844.00	109.63
crane316_12	8	1	8621458.00	406.92
crane316_12	8	2	8621458.00	406.52
crane316_12	8	3	8621458.00	405.12
crane316_12	8	4	8621458.00	408.16
crane316_12	8	5	8621458.00	411.87
crane316_12	8	6	8621458.00	405.18
crane316_12	8	7	8567463.00	437.88
crane316_12	8	8	8621458.00	409.51
crane316_12	8	9	8621458.00	413.49
crane316_12	8	10	8621458.00	414.21
crane316_13	2	1	1958824.00	33.74
crane316_13	2	2	1958824.00	33.85
crane316_13	2	3	1970909.00	33.95
crane316_13	2	4	1958824.00	34.02
crane316_13	2	5	1958824.00	33.74
crane316_13	2	6	1970909.00	34.12
crane316_13	2	7	1958824.00	34.38
crane316_13	2	8	1970909.00	34.18
crane316_13	2	9	1970909.00	33.94
crane316_13	2	10	1970909.00	34.25
crane316_13	5	1	5067589.00	100.58
crane316_13	5	2	4975156.00	101.11
crane316_13	5	3	5067589.00	99.65
crane316_13	5	4	5067589.00	100.27
crane316_13	5	5	5067589.00	99.94
crane316_13	5	6	5067589.00	100.59
crane316_13	5	7	4938249.00	98.79
crane316_13	5	8	4841187.00	100.05
crane316_13	5	9	5046929.00	98.94
crane316_13	5	10	5067589.00	99.72
crane316_13	8	1	8591656.00	412.60
crane316_13	8	2	8276554.00	413.16
crane316_13	8	3	8449419.00	421.51
crane316_13	8	4	8449419.00	416.38
crane316_13	8	5	8523566.00	470.89
crane316_13	8	6	8449419.00	419.33
crane316_13	8	7	8449419.00	417.72
crane316_13	8	8	8618690.00	408.77
crane316_13	8	9	8591656.00	422.13
crane316_13	8	10	8618690.00	405.98
crane316_14	2	1	2044933.00	40.59
crane316_14	2	2	2090141.00	40.51
crane316_14	2	3	2090141.00	40.63
crane316_14	2	4	2090141.00	40.26
crane316_14	2	5	2090141.00	40.38
crane316_14	2	6	2090141.00	40.57
crane316_14	2	7	2090141.00	40.44
crane316_14	2	8	2090141.00	40.97
crane316_14	2	9	1987647.00	41.51
crane316_14	2	10	2074223.00	40.70
crane316_14	5	1	4687008.00	108.70
crane316_14	5	2	4687008.00	110.86
crane316_14	5	3	4657132.00	109.29
crane316_14	5	4	4910330.00	108.88
crane316_14	5	5	4910330.00	109.73
crane316_14	5	6	4898923.00	110.22
crane316_14	5	7	4657132.00	109.08
crane316_14	5	8	4910330.00	110.30
crane316_14	5	9	4910330.00	108.00
crane316_14	5	10	4685944.00	109.70
crane316_14	8	1	8458198.00	390.13
crane316_14	8	2	8460409.00	389.89
crane316_14	8	3	8460409.00	394.49
crane316_14	8	4	8458198.00	392.21
crane316_14	8	5	8435778.00	392.70
crane316_14	8	6	8460409.00	390.18
crane316_14	8	7	8460409.00	390.08
crane316_14	8	8	8460409.00	390.04
crane316_14	8	9	8460409.00	393.62
crane316_14	8	10	8535980.00	402.06
crane316_15	2	1	2239120.00	36.21
crane316_15	2	2	2195595.00	36.11
crane316_15	2	3	2208995.00	35.99
crane316_15	2	4	2239120.00	36.00
crane316_15	2	5	2239120.00	35.84
crane316_15	2	6	2164289.00	35.34
crane316_15	2	7	2239120.00	35.95
crane316_15	2	8	2239120.00	36.24
crane316_15	2	9	2239120.00	36.02
crane316_15	2	10	2239120.00	36.08
crane316_15	5	1	5544567.00	108.69
crane316_15	5	2	5521336.00	107.88
crane316_15	5	3	5549504.00	109.03
crane316_15	5	4	5519009.00	108.20
crane316_15	5	5	5519009.00	107.57
crane316_15	5	6	5521336.00	107.36
crane316_15	5	7	5581005.00	110.72
crane316_15	5	8	5581005.00	111.31
crane316_15	5	9	5581005.00	110.19
crane316_15	5	10	5521336.00	107.38
crane316_15	8	1	9182473.00	564.81
crane316_15	8	2	9022226.00	493.03
crane316_15	8	3	9046305.00	496.07
crane316_15	8	4	9021738.00	501.09
crane316_15	8	5	9021738.00	502.27
crane316_15	8	6	9082860.00	514.83
crane316_15	8	7	9008965.00	508.33
crane316_15	8	8	9172100.00	561.47
crane316_15	8	9	9022226.00	493.14
crane316_15	8	10	9172100.00	568.36
crane316_16	2	1	2319233.00	35.15
crane316_16	2	2	2319233.00	35.03
crane316_16	2	3	2319233.00	35.59
crane316_16	2	4	2216532.00	35.03
crane316_16	2	5	2319233.00	35.21
crane316_16	2	6	2300975.00	35.23
crane316_16	2	7	2300975.00	35.26
crane316_16	2	8	2319233.00	35.66
crane316_16	2	9	2214126.00	35.59
crane316_16	2	10	2319233.00	35.69
crane316_16	5	1	5436832.00	130.93
crane316_16	5	2	5495827.00	134.19
crane316_16	5	3	5394647.00	132.07
crane316_16	5	4	5436832.00	129.70
crane316_16	5	5	5517381.00	129.12
crane316_16	5	6	5436832.00	131.46
crane316_16	5	7	5402773.00	130.53
crane316_16	5	8	5436832.00	130.58
crane316_16	5	9	5439671.00	130.33
crane316_16	5	10	5436832.00	131.47
crane316_16	8	1	9067341.00	541.88
crane316_16	8	2	9067341.00	540.86
crane316_16	8	3	9067341.00	537.94
crane316_16	8	4	8839259.00	530.23
crane316_16	8	5	9067341.00	540.27
crane316_16	8	6	9067341.00	539.74
crane316_16	8	7	9067341.00	549.70
crane316_16	8	8	9099540.00	506.18
crane316_16	8	9	8852293.00	479.90
crane316_16	8	10	8967728.00	484.07
crane316_17	2	1	2124403.00	40.76
crane316_17	2	2	2058055.00	40.72
crane316_17	2	3	2105401.00	40.79
crane316_17	2	4	2143327.00	40.59
crane316_17	2	5	2124403.00	41.09
crane316_17	2	6	2124403.00	41.20
crane316_17	2	7	2125109.00	40.36
crane316_17	2	8	2143327.00	40.56
crane316_17	2	9	2124403.00	40.92
crane316_17	2	10	2143327.00	40.80
crane316_17	5	1	5295685.00	114.08
crane316_17	5	2	5295685.00	113.98
crane316_17	5	3	5295685.00	113.19
crane316_17	5	4	5466790.00	116.23
crane316_17	5	5	5437026.00	113.85
crane316_17	5	6	5295685.00	113.99
crane316_17	5	7	5295685.00	114.31
crane316_17	5	8	5295685.00	114.52
crane316_17	5	9	5290389.00	114.98
crane316_17	5	10	5393190.00	114.48
crane316_17	8	1	9589071.00	548.49
crane316_17	8	2	9589071.00	547.63
crane316_17	8	3	9589071.00	546.20
crane316_17	8	4	9589071.00	541.59
crane316_17	8	5	9589071.00	545.69
crane316_17	8	6	9479532.00	544.02
crane316_17	8	7	9589071.00	547.32
crane316_17	8	8	9479532.00	547.86
crane316_17	8	9	9589071.00	543.47
crane316_17	8	10	9589071.00	546.22
crane316_18	2	1	2100206.00	35.81
crane316_18	2	2	2199202.00	35.97
crane316_18	2	3	2045475.00	36.58
crane316_18	2	4	2100206.00	36.22
crane316_18	2	5	2045475.00	36.99
crane316_18	2	6	2084510.00	36.07
crane316_18	2	7	2100206.00	35.95
crane316_18	2	8	2100206.00	35.93
crane316_18	2	9	2029246.00	35.55
crane316_18	2	10	2100206.00	36.13
crane316_18	5	1	5017403.00	96.13
crane316_18	5	2	5145777.00	96.37
crane316_18	5	3	5121439.00	96.58
crane316_18	5	4	5145777.00	96.62
crane316_18	5	5	5047402.00	93.82
crane316_18	5	6	5080207.00	92.91
crane316_18	5	7	5047402.00	94.50
crane316_18	5	8	5145777.00	97.02
crane316_18	5	9	5145777.00	95.42
crane316_18	5	10	5047402.00	93.31
crane316_18	8	1	8794100.00	479.16
crane316_18	8	2	8794100.00	482.37
crane316_18	8	3	8794100.00	486.73
crane316_18	8	4	8998658.00	468.92
crane316_18	8	5	8794100.00	481.69
crane316_18	8	6	8882899.00	477.98
crane316_18	8	7	8998658.00	468.90
crane316_18	8	8	8998658.00	469.59
crane316_18	8	9	8794100.00	481.22
crane316_18	8	10	8998658.00	465.97
crane316_19	2	1	1794484.00	25.35
crane316_19	2	2	1788005.00	25.19
crane316_19	2	3	1786294.00	25.48
crane316_19	2	4	1786294.00	25.57
crane316_19	2	5	1794484.00	25.28
crane316_19	2	6	1794484.00	25.47
crane316_19	2	7	1786294.00	25.30
crane316_19	2	8	1794484.00	25.27
crane316_19	2	9	1794484.00	25.67
crane316_19	2	10	1794484.00	25.29
crane316_19	5	1	4865260.00	83.52
crane316_19	5	2	4963778.00	80.51
crane316_19	5	3	4836726.00	81.31
crane316_19	5	4	4963778.00	80.08
crane316_19	5	5	4963778.00	80.86
crane316_19	5	6	4775255.00	83.13
crane316_19	5	7	4944796.00	80.71
crane316_19	5	8	4884276.00	82.29
crane316_19	5	9	4897107.00	81.75
crane316_19	5	10	4884276.00	82.16
crane316_19	8	1	8906105.00	428.92
crane316_19	8	2	8868899.00	500.78
crane316_19	8	3	8868899.00	494.56
crane316_19	8	4	8718553.00	496.68
crane316_19	8	5	8906105.00	430.13
crane316_19	8	6	8718553.00	496.67
crane316_19	8	7	8718553.00	494.24
crane316_19	8	8	8718553.00	493.28
crane316_19	8	9	8718553.00	488.21
crane316_19	8	10	8906105.00	426.80
crane66_0	2	1	1252494.00	0.39
crane66_0	2	2	1252494.00	0.37
crane66_0	2	3	1252494.00	0.36
crane66_0	2	4	1252494.00	0.39
crane66_0	2	5	1252494.00	0.39
crane66_0	2	6	1252494.00	0.39
crane66_0	2	7	1252494.00	0.39
crane66_0	2	8	1252494.00	0.38
crane66_0	2	9	1252494.00	0.39
crane66_0	2	10	1252494.00	0.38
crane66_0	5	1	2674525.00	0.89
crane66_0	5	2	2674525.00	0.89
crane66_0	5	3	2660174.00	0.90
crane66_0	5	4	2674525.00	0.88
crane66_0	5	5	2674525.00	0.90
crane66_0	5	6	2674525.00	0.91
crane66_0	5	7	2674525.00	0.91
crane66_0	5	8	2674525.00	0.91
crane66_0	5	9	2660174.00	0.92
crane66_0	5	10	2674525.00	0.91
crane66_0	8	1	4252796.00	1.17
crane66_0	8	2	4246344.00	1.19
crane66_0	8	3	4246344.00	1.20
crane66_0	8	4	4246344.00	1.19
crane66_0	8	5	4246344.00	1.19
crane66_0	8	6	4246344.00	1.17
crane66_0	8	7	4246344.00	1.18
crane66_0	8	8	4246344.00	1.20
crane66_0	8	9	4246344.00	1.18
crane66_0	8	10	4246344.00	1.21
crane66_1	2	1	961865.00	0.26
crane66_1	2	2	961865.00	0.26
crane66_1	2	3	961865.00	0.24
crane66_1	2	4	961865.00	0.27
crane66_1	2	5	961865.00	0.26
crane66_1	2	6	961865.00	0.27
crane66_1	2	7	961865.00	0.26
crane66_1	2	8	961865.00	0.26
crane66_1	2	9	961865.00	0.27
crane66_1	2	10	961865.00	0.26
crane66_1	5	1	2293644.00	0.59
crane66_1	5	2	2293644.00	0.61
crane66_1	5	3	2298031.00	0.60
crane66_1	5	4	2293644.00	0.61
crane66_1	5	5	2298031.00	0.59
crane66_1	5	6	2293644.00	0.61
crane66_1	5	7	2298031.00	0.60
crane66_1	5	8	2293644.00	0.61
crane66_1	5	9	2293644.00	0.61
crane66_1	5	10	2298031.00	0.60
crane66_1	8	1	4092692.00	1.09
crane66_1	8	2	4092692.00	1.11
crane66_1	8	3	4092692.00	1.09
crane66_1	8	4	4092692.00	1.11
crane66_1	8	5	4092692.00	1.11
crane66_1	8	6	4092692.00	1.12
crane66_1	8	7	4092692.00	1.12
crane66_1	8	8	4092692.00	1.10
crane66_1	8	9	4092692.00	1.12
crane66_1	8	10	4092692.00	1.10
crane66_2	2	1	1182704.00	0.25
crane66_2	2	2	1182704.00	0.24
crane66_2	2	3	1182704.00	0.24
crane66_2	2	4	1182704.00	0.24
crane66_2	2	5	1182704.00	0.24
crane66_2	2	6	1182704.00	0.24
crane66_2	2	7	1182704.00	0.24
crane66_2	2	8	1182704.00	0.24
crane66_2	2	9	1182704.00	0.24
crane66_2	2	10	1182704.00	0.24
crane66_2	5	1	2664846.00	0.65
crane66_2	5	2	2664846.00	0.62
crane66_2	5	3	2675980.00	0.65
crane66_2	5	4	2664846.00	0.65
crane66_2	5	5	2675980.00	0.65
crane66_2	5	6	2664846.00	0.61
crane66_2	5	7	2664846.00	0.63
crane66_2	5	8	2664846.00	0.62
crane66_2	5	9	2675980.00	0.65
crane66_2	5	10	2675980.00	0.65
crane66_2	8	1	4155820.00	1.57
crane66_2	8	2	4155820.00	1.54
crane66_2	8	3	4155820.00	1.52
crane66_2	8	4	4155820.00	1.55
crane66_2	8	5	4155820.00	1.56
crane66_2	8	6	4155820.00	1.54
crane66_2	8	7	4144910.00	1.55
crane66_2	8	8	4144910.00	1.53
crane66_2	8	9	4155820.00	1.55
crane66_2	8	10	4155820.00	1.56
dc112	2	1	3993.00	4.29
dc112	2	2	3993.00	4.30
dc112	2	3	3993.00	4.27
dc112	2	4	3993.00	4.31
dc112	2	5	3993.00	4.30
dc112	2	6	3993.00	4.30
dc112	2	7	3993.00	4.29
dc112	2	8	3993.00	4.30
dc112	2	9	3993.00	4.30
dc112	2	10	3993.00	4.31
dc112	5	1	4242.00	2.03
dc112	5	2	4242.00	2.05
dc112	5	3	4242.00	2.06
dc112	5	4	4242.00	2.03
dc112	5	5	4242.00	2.04
dc112	5	6	4242.00	2.04
dc112	5	7	4242.00	2.06
dc112	5	8	4242.00	2.06
dc112	5	9	4242.00	2.04
dc112	5	10	4242.00	2.08
dc112	8	1	6501.00	7.70
dc112	8	2	6501.00	7.92
dc112	8	3	6501.00	7.65
dc112	8	4	6501.00	7.95
dc112	8	5	6501.00	7.96
dc112	8	6	6501.00	7.68
dc112	8	7	6501.00	7.71
dc112	8	8	6501.00	7.78
dc112	8	9	6501.00	7.72
dc112	8	10	6501.00	7.79
dc126	2	1	6204.00	0.49
dc126	2	2	6204.00	0.49
dc126	2	3	6204.00	0.46
dc126	2	4	6204.00	0.47
dc126	2	5	6204.00	0.49
dc126	2	6	6204.00	0.48
dc126	2	7	6204.00	0.48
dc126	2	8	6204.00	0.47
dc126	2	9	6204.00	0.46
dc126	2	10	6204.00	0.49
dc126	5	1	12595.00	5.39
dc126	5	2	12595.00	5.34
dc126	5	3	12595.00	5.98
dc126	5	4	12595.00	5.35
dc126	5	5	12595.00	6.00
dc126	5	6	12595.00	5.59
dc126	5	7	12595.00	5.30
dc126	5	8	12595.00	6.04
dc126	5	9	12595.00	7.19
dc126	5	10	12595.00	5.44
dc126	8	1	50625.00	89.51
dc126	8	2	50625.00	89.79
dc126	8	3	50604.00	89.55
dc126	8	4	50625.00	89.49
dc126	8	5	50597.00	39.80
dc126	8	6	50625.00	89.63
dc126	8	7	50597.00	39.39
dc126	8	8	50597.00	39.03
dc126	8	9	50625.00	89.73
dc126	8	10	50597.00	28.58
dc134	2	1	3743.00	17.17
dc134	2	2	3743.00	17.22
dc134	2	3	3743.00	17.21
dc134	2	4	3743.00	17.19
dc134	2	5	3743.00	17.20
dc134	2	6	3743.00	17.25
dc134	2	7	3743.00	17.25
dc134	2	8	3743.00	17.36
dc134	2	9	3743.00	17.19
dc134	2	10	3743.00	17.25
dc134	5	1	3743.00	13.07
dc134	5	2	3743.00	13.22
dc134	5	3	3743.00	13.18
dc134	5	4	3743.00	13.08
dc134	5	5	3743.00	13.34
dc134	5	6	3743.00	13.17
dc134	5	7	3743.00	13.08
dc134	5	8	3743.00	13.17
dc134	5	9	3743.00	13.17
dc134	5	10	3743.00	13.09
dc134	8	1	3807.00	6.29
dc134	8	2	3807.00	6.25
dc134	8	3	3807.00	6.23
dc134	8	4	3807.00	5.91
dc134	8	5	3807.00	5.80
dc134	8	6	3807.00	6.22
dc134	8	7	3807.00	6.06
dc134	8	8	3807.00	6.18
dc134	8	9	3807.00	6.20
dc134	8	10	3807.00	6.26
dc176	2	1	5496.00	47.84
dc176	2	2	5496.00	47.89
dc176	2	3	5496.00	48.05
dc176	2	4	5496.00	47.70
dc176	2	5	5496.00	47.76
dc176	2	6	5496.00	48.11
dc176	2	7	5496.00	48.01
dc176	2	8	5496.00	47.90
dc176	2	9	5496.00	48.02
dc176	2	10	5496.00	48.16
dc176	5	1	5495.00	39.45
dc176	5	2	5496.00	39.54
dc176	5	3	5496.00	39.74
dc176	5	4	5496.00	39.58
dc176	5	5	5496.00	39.55
dc176	5	6	5495.00	39.56
dc176	5	7	5495.00	39.83
dc176	5	8	5496.00	39.66
dc176	5	9	5496.00	39.44
dc176	5	10	5496.00	39.18
dc176	8	1	5625.00	34.33
dc176	8	2	5625.00	33.69
dc176	8	3	5625.00	34.46
dc176	8	4	5625.00	34.04
dc176	8	5	5625.00	34.58
dc176	8	6	5625.00	34.89
dc176	8	7	5625.00	34.16
dc176	8	8	5625.00	34.61
dc176	8	9	5625.00	34.39
dc176	8	10	5625.00	34.75
dc188	2	1	4562.00	84.10
dc188	2	2	4562.00	83.69
dc188	2	3	4562.00	83.52
dc188	2	4	4562.00	86.44
dc188	2	5	4562.00	84.62
dc188	2	6	4562.00	83.56
dc188	2	7	4562.00	83.96
dc188	2	8	4562.00	84.49
dc188	2	9	4562.00	84.90
dc188	2	10	4562.00	83.95
dc188	5	1	4562.00	70.74
dc188	5	2	4562.00	70.95
dc188	5	3	4562.00	69.93
dc188	5	4	4562.00	71.61
dc188	5	5	4562.00	69.55
dc188	5	6	4562.00	71.00
dc188	5	7	4562.00	69.37
dc188	5	8	4562.00	70.56
dc188	5	9	4562.00	71.08
dc188	5	10	4562.00	70.34
dc188	8	1	4608.00	21.07
dc188	8	2	4608.00	20.39
dc188	8	3	4608.00	20.53
dc188	8	4	4608.00	20.72
dc188	8	5	4608.00	20.58
dc188	8	6	4608.00	20.41
dc188	8	7	4608.00	21.88
dc188	8	8	4608.00	20.45
dc188	8	9	4608.00	20.19
dc188	8	10	4608.00	21.89
ft53	2	1	2990.00	0.12
ft53	2	2	2990.00	0.13
ft53	2	3	2990.00	0.13
ft53	2	4	2990.00	0.12
ft53	2	5	2990.00	0.12
ft53	2	6	2990.00	0.13
ft53	2	7	2990.00	0.13
ft53	2	8	2990.00	0.13
ft53	2	9	2990.00	0.13
ft53	2	10	2990.00	0.12
ft53	5	1	3667.00	0.29
ft53	5	2	3667.00	0.30
ft53	5	3	3667.00	0.29
ft53	5	4	3667.00	0.29
ft53	5	5	3667.00	0.27
ft53	5	6	3667.00	0.29
ft53	5	7	3667.00	0.27
ft53	5	8	3667.00	0.29
ft53	5	9	3667.00	0.29
ft53	5	10	3667.00	0.27
ft53	8	1	5058.00	0.83
ft53	8	2	5058.00	0.86
ft53	8	3	5058.00	0.83
ft53	8	4	5058.00	0.84
ft53	8	5	5058.00	0.85
ft53	8	6	5058.00	0.85
ft53	8	7	5058.00	0.86
ft53	8	8	5058.00	0.85
ft53	8	9	5058.00	0.84
ft53	8	10	5058.00	0.85
ft70	2	1	8161.00	0.14
ft70	2	2	8161.00	0.15
ft70	2	3	8161.00	0.15
ft70	2	4	8161.00	0.14
ft70	2	5	8161.00	0.15
ft70	2	6	8161.00	0.14
ft70	2	7	8161.00	0.15
ft70	2	8	8161.00	0.15
ft70	2	9	8161.00	0.15
ft70	2	10	8161.00	0.15
ft70	5	1	15787.00	0.39
ft70	5	2	15787.00	0.35
ft70	5	3	15787.00	0.37
ft70	5	4	15787.00	0.37
ft70	5	5	15787.00	0.37
ft70	5	6	15787.00	0.38
ft70	5	7	15787.00	0.36
ft70	5	8	15787.00	0.37
ft70	5	9	15787.00	0.36
ft70	5	10	15787.00	0.38
ft70	8	1	25195.00	1.15
ft70	8	2	25361.00	1.34
ft70	8	3	25195.00	1.14
ft70	8	4	25195.00	1.15
ft70	8	5	25195.00	1.16
ft70	8	6	25195.00	1.16
ft70	8	7	25195.00	1.16
ft70	8	8	25195.00	1.17
ft70	8	9	25195.00	1.16
ft70	8	10	25195.00	1.19
ftv100	2	1	1707.00	20.47
ftv100	2	2	1707.00	20.32
ftv100	2	3	1711.00	20.28
ftv100	2	4	1711.00	20.46
ftv100	2	5	1692.00	20.36
ftv100	2	6	1711.00	20.40
ftv100	2	7	1711.00	20.47
ftv100	2	8	1711.00	20.11
ftv100	2	9	1705.00	20.14
ftv100	2	10	1711.00	20.36
ftv100	5	1	1685.00	21.58
ftv100	5	2	1728.00	21.90
ftv100	5	3	1728.00	21.92
ftv100	5	4	1696.00	21.24
ftv100	5	5	1685.00	21.64
ftv100	5	6	1711.00	21.62
ftv100	5	7	1685.00	21.81
ftv100	5	8	1696.00	21.34
ftv100	5	9	1696.00	21.32
ftv100	5	10	1696.00	21.45
ftv100	8	1	1673.00	18.64
ftv100	8	2	1763.00	19.12
ftv100	8	3	1724.00	18.23
ftv100	8	4	1763.00	19.05
ftv100	8	5	1724.00	18.45
ftv100	8	6	1762.00	18.11
ftv100	8	7	1673.00	18.34
ftv100	8	8	1762.00	18.16
ftv100	8	9	1673.00	18.49
ftv100	8	10	1673.00	18.35
ftv110	2	1	1922.00	21.99
ftv110	2	2	1957.00	23.31
ftv110	2	3	1963.00	22.16
ftv110	2	4	1963.00	22.26
ftv110	2	5	1963.00	22.45
ftv110	2	6	1963.00	22.08
ftv110	2	7	1922.00	21.98
ftv110	2	8	1963.00	22.16
ftv110	2	9	1963.00	22.44
ftv110	2	10	1957.00	23.18
ftv110	5	1	1965.00	29.57
ftv110	5	2	1932.00	29.46
ftv110	5	3	1965.00	29.40
ftv110	5	4	1965.00	29.67
ftv110	5	5	1965.00	29.41
ftv110	5	6	1954.00	28.08
ftv110	5	7	1965.00	29.09
ftv110	5	8	1969.00	27.33
ftv110	5	9	1965.00	29.26
ftv110	5	10	1965.00	29.30
ftv110	8	1	2010.00	27.11
ftv110	8	2	2018.00	27.26
ftv110	8	3	2018.00	27.27
ftv110	8	4	2046.00	28.25
ftv110	8	5	2046.00	28.53
ftv110	8	6	2018.00	26.91
ftv110	8	7	2017.00	29.01
ftv110	8	8	2018.00	26.81
ftv110	8	9	2018.00	27.14
ftv110	8	10	2046.00	28.24
ftv120	2	1	2081.00	33.27
ftv120	2	2	1991.00	33.71
ftv120	2	3	1991.00	33.70
ftv120	2	4	1991.00	33.38
ftv120	2	5	2050.00	33.31
ftv120	2	6	1991.00	33.57
ftv120	2	7	1991.00	33.72
ftv120	2	8	2050.00	33.40
ftv120	2	9	1991.00	33.46
ftv120	2	10	1991.00	33.58
ftv120	5	1	2054.00	36.02
ftv120	5	2	2072.00	37.09
ftv120	5	3	2072.00	36.91
ftv120	5	4	2055.00	37.01
ftv120	5	5	2055.00	37.07
ftv120	5	6	2072.00	36.98
ftv120	5	7	2036.00	36.33
ftv120	5	8	2072.00	37.47
ftv120	5	9	2054.00	36.06
ftv120	5	10	2055.00	36.92
ftv120	8	1	2088.00	28.47
ftv120	8	2	2088.00	28.67
ftv120	8	3	2088.00	28.56
ftv120	8	4	2088.00	28.59
ftv120	8	5	2118.00	29.05
ftv120	8	6	2138.00	29.01
ftv120	8	7	2088.00	28.43
ftv120	8	8	2139.00	29.38
ftv120	8	9	2138.00	28.42
ftv120	8	10	2088.00	28.23
ftv130	2	1	2292.00	40.99
ftv130	2	2	2292.00	41.42
ftv130	2	3	2291.00	42.33
ftv130	2	4	2292.00	41.14
ftv130	2	5	2291.00	42.25
ftv130	2	6	2292.00	40.93
ftv130	2	7	2291.00	42.29
ftv130	2	8	2221.00	41.36
ftv130	2	9	2291.00	42.06
ftv130	2	10	2292.00	41.26
ftv130	5	1	2334.00	49.81
ftv130	5	2	2309.00	49.78
ftv130	5	3	2164.00	50.19
ftv130	5	4	2323.00	50.16
ftv130	5	5	2334.00	49.83
ftv130	5	6	2278.00	49.81
ftv130	5	7	2288.00	51.03
ftv130	5	8	2334.00	49.85
ftv130	5	9	2300.00	50.62
ftv130	5	10	2278.00	49.59
ftv130	8	1	2360.00	35.23
ftv130	8	2	2354.00	35.31
ftv130	8	3	2354.00	35.55
ftv130	8	4	2300.00	35.73
ftv130	8	5	2346.00	36.64
ftv130	8	6	2362.00	35.39
ftv130	8	7	2300.00	35.83
ftv130	8	8	2362.00	35.04
ftv130	8	9	2300.00	35.16
ftv130	8	10	2362.00	35.55
ftv140	2	1	2395.00	60.43
ftv140	2	2	2328.00	60.09
ftv140	2	3	2328.00	59.81
ftv140	2	4	2426.00	59.99
ftv140	2	5	2328.00	60.02
ftv140	2	6	2328.00	60.41
ftv140	2	7	2328.00	60.36
ftv140	2	8	2328.00	60.07
ftv140	2	9	2328.00	60.42
ftv140	2	10	2328.00	59.87
ftv140	5	1	2381.00	69.11
ftv140	5	2	2435.00	70.20
ftv140	5	3	2437.00	70.53
ftv140	5	4	2400.00	69.34
ftv140	5	5	2400.00	69.10
ftv140	5	6	2381.00	69.41
ftv140	5	7	2437.00	70.46
ftv140	5	8	2429.00	70.00
ftv140	5	9	2437.00	70.81
ftv140	5	10	2362.00	69.88
ftv140	8	1	2480.00	56.97
ftv140	8	2	2434.00	57.47
ftv140	8	3	2432.00	59.44
ftv140	8	4	2434.00	57.64
ftv140	8	5	2422.00	56.95
ftv140	8	6	2473.00	61.53
ftv140	8	7	2451.00	57.08
ftv140	8	8	2434.00	57.47
ftv140	8	9	2480.00	56.50
ftv140	8	10	2432.00	58.98
ftv150	2	1	2719.00	78.18
ftv150	2	2	2742.00	77.87
ftv150	2	3	2742.00	77.97
ftv150	2	4	2724.00	78.24
ftv150	2	5	2742.00	77.86
ftv150	2	6	2724.00	78.14
ftv150	2	7	2742.00	78.30
ftv150	2	8	2724.00	77.71
ftv150	2	9	2719.00	77.05
ftv150	2	10	2742.00	78.30
ftv150	5	1	2689.00	95.24
ftv150	5	2	2714.00	93.96
ftv150	5	3	2733.00	91.76
ftv150	5	4	2733.00	93.03
ftv150	5	5	2733.00	92.18
ftv150	5	6	2733.00	91.85
ftv150	5	7	2733.00	92.66
ftv150	5	8	2714.00	93.62
ftv150	5	9	2733.00	92.19
ftv150	5	10	2714.00	93.48
ftv150	8	1	2778.00	86.76
ftv150	8	2	2803.00	88.06
ftv150	8	3	2792.00	88.13
ftv150	8	4	2768.00	94.05
ftv150	8	5	2778.00	87.41
ftv150	8	6	2732.00	90.05
ftv150	8	7	2692.00	86.33
ftv150	8	8	2712.00	91.11
ftv150	8	9	2723.00	87.69
ftv150	8	10	2768.00	88.33
ftv160	2	1	2674.00	96.52
ftv160	2	2	2674.00	97.12
ftv160	2	3	2674.00	96.54
ftv160	2	4	2674.00	95.44
ftv160	2	5	2674.00	96.69
ftv160	2	6	2758.00	93.85
ftv160	2	7	2674.00	96.42
ftv160	2	8	2758.00	93.69
ftv160	2	9	2674.00	96.09
ftv160	2	10	2662.00	93.69
ftv160	5	1	2691.00	111.38
ftv160	5	2	2736.00	110.15
ftv160	5	3	2728.00	111.87
ftv160	5	4	2655.00	109.46
ftv160	5	5	2736.00	110.77
ftv160	5	6	2736.00	110.42
ftv160	5	7	2691.00	110.79
ftv160	5	8	2669.00	111.58
ftv160	5	9	2691.00	111.05
ftv160	5	10	2702.00	109.99
ftv160	8	1	2721.00	101.02
ftv160	8	2	2765.00	98.18
ftv160	8	3	2721.00	100.67
ftv160	8	4	2793.00	98.89
ftv160	8	5	2822.00	97.70
ftv160	8	6	2765.00	97.88
ftv160	8	7	2793.00	99.23
ftv160	8	8	2793.00	98.63
ftv160	8	9	2765.00	98.82
ftv160	8	10	2721.00	101.42
ftv170	2	1	2876.00	124.40
ftv170	2	2	2933.00	125.55
ftv170	2	3	2933.00	124.70
ftv170	2	4	2881.00	123.38
ftv170	2	5	2813.00	124.13
ftv170	2	6	2933.00	126.34
ftv170	2	7	2933.00	124.90
ftv170	2	8	2899.00	124.46
ftv170	2	9	2876.00	125.36
ftv170	2	10	2926.00	125.04
ftv170	5	1	2932.00	150.39
ftv170	5	2	2932.00	149.08
ftv170	5	3	2831.00	151.13
ftv170	5	4	2970.00	152.28
ftv170	5	5	2932.00	150.55
ftv170	5	6	2932.00	149.20
ftv170	5	7	2932.00	150.41
ftv170	5	8	2932.00	150.18
ftv170	5	9	2960.00	152.46
ftv170	5	10	2932.00	150.24
ftv170	8	1	3003.00	131.92
ftv170	8	2	2679.00	132.23
ftv170	8	3	2949.00	130.33
ftv170	8	4	3003.00	131.70
ftv170	8	5	3003.00	131.36
ftv170	8	6	2767.00	131.44
ftv170	8	7	3003.00	132.54
ftv170	8	8	3003.00	132.35
ftv170	8	9	3035.00	133.73
ftv170	8	10	3003.00	130.86
ftv33	2	1	1083.00	0.16
ftv33	2	2	1083.00	0.18
ftv33	2	3	1083.00	0.17
ftv33	2	4	1083.00	0.18
ftv33	2	5	1083.00	0.16
ftv33	2	6	1083.00	0.17
ftv33	2	7	1083.00	0.18
ftv33	2	8	1083.00	0.18
ftv33	2	9	1083.00	0.17
ftv33	2	10	1083.00	0.17
ftv33	5	1	1083.00	0.20
ftv33	5	2	1083.00	0.20
ftv33	5	3	1083.00	0.20
ftv33	5	4	1083.00	0.20
ftv33	5	5	1083.00	0.18
ftv33	5	6	1083.00	0.21
ftv33	5	7	1083.00	0.20
ftv33	5	8	1083.00	0.20
ftv33	5	9	1083.00	0.20
ftv33	5	10	1083.00	0.20
ftv33	8	1	1228.00	0.30
ftv33	8	2	1228.00	0.30
ftv33	8	3	1228.00	0.30
ftv33	8	4	1228.00	0.28
ftv33	8	5	1228.00	0.30
ftv33	8	6	1228.00	0.30
ftv33	8	7	1228.00	0.28
ftv33	8	8	1228.00	0.30
ftv33	8	9	1228.00	0.30
ftv33	8	10	1228.00	0.30
ftv35	2	1	1161.00	0.18
ftv35	2	2	1166.00	0.18
ftv35	2	3	1161.00	0.18
ftv35	2	4	1161.00	0.18
ftv35	2	5	1161.00	0.19
ftv35	2	6	1161.00	0.18
ftv35	2	7	1161.00	0.18
ftv35	2	8	1161.00	0.18
ftv35	2	9	1166.00	0.18
ftv35	2	10	1161.00	0.18
ftv35	5	1	1161.00	0.23
ftv35	5	2	1161.00	0.21
ftv35	5	3	1161.00	0.23
ftv35	5	4	1161.00	0.23
ftv35	5	5	1161.00	0.23
ftv35	5	6	1161.00	0.21
ftv35	5	7	1161.00	0.23
ftv35	5	8	1161.00	0.23
ftv35	5	9	1161.00	0.23
ftv35	5	10	1161.00	0.23
ftv35	8	1	1189.00	0.16
ftv35	8	2	1189.00	0.16
ftv35	8	3	1189.00	0.16
ftv35	8	4	1189.00	0.15
ftv35	8	5	1189.00	0.16
ftv35	8	6	1189.00	0.15
ftv35	8	7	1189.00	0.16
ftv35	8	8	1189.00	0.16
ftv35	8	9	1189.00	0.16
ftv35	8	10	1189.00	0.15
ftv38	2	1	1185.00	0.32
ftv38	2	2	1185.00	0.32
ftv38	2	3	1185.00	0.33
ftv38	2	4	1185.00	0.33
ftv38	2	5	1185.00	0.33
ftv38	2	6	1185.00	0.32
ftv38	2	7	1185.00	0.32
ftv38	2	8	1185.00	0.31
ftv38	2	9	1185.00	0.32
ftv38	2	10	1185.00	0.32
ftv38	5	1	1185.00	0.25
ftv38	5	2	1185.00	0.27
ftv38	5	3	1185.00	0.25
ftv38	5	4	1185.00	0.28
ftv38	5	5	1185.00	0.27
ftv38	5	6	1185.00	0.27
ftv38	5	7	1185.00	0.27
ftv38	5	8	1185.00	0.27
ftv38	5	9	1185.00	0.27
ftv38	5	10	1185.00	0.26
ftv38	8	1	1239.00	0.30
ftv38	8	2	1239.00	0.30
ftv38	8	3	1239.00	0.29
ftv38	8	4	1239.00	0.30
ftv38	8	5	1239.00	0.30
ftv38	8	6	1239.00	0.29
ftv38	8	7	1239.00	0.30
ftv38	8	8	1239.00	0.28
ftv38	8	9	1239.00	0.30
ftv38	8	10	1239.00	0.30
ftv44	2	1	1274.00	0.43
ftv44	2	2	1274.00	0.43
ftv44	2	3	1274.00	0.43
ftv44	2	4	1274.00	0.43
ftv44	2	5	1274.00	0.43
ftv44	2	6	1269.00	0.43
ftv44	2	7	1274.00	0.42
ftv44	2	8	1274.00	0.43
ftv44	2	9	1274.00	0.43
ftv44	2	10	1274.00	0.43
ftv44	5	1	1269.00	0.54
ftv44	5	2	1272.00	0.54
ftv44	5	3	1269.00	0.54
ftv44	5	4	1269.00	0.52
ftv44	5	5	1269.00	0.54
ftv44	5	6	1269.00	0.56
ftv44	5	7	1269.00	0.52
ftv44	5	8	1272.00	0.55
ftv44	5	9	1269.00	0.52
ftv44	5	10	1269.00	0.54
ftv44	8	1	1312.00	0.52
ftv44	8	2	1312.00	0.52
ftv44	8	3	1312.00	0.52
ftv44	8	4	1312.00	0.53
ftv44	8	5	1312.00	0.50
ftv44	8	6	1312.00	0.51
ftv44	8	7	1312.00	0.52
ftv44	8	8	1312.00	0.51
ftv44	8	9	1312.00	0.53
ftv44	8	10	1312.00	0.51
ftv47	2	1	1415.00	0.48
ftv47	2	2	1415.00	0.46
ftv47	2	3	1415.00	0.46
ftv47	2	4	1415.00	0.46
ftv47	2	5	1415.00	0.47
ftv47	2	6	1415.00	0.45
ftv47	2	7	1415.00	0.46
ftv47	2	8	1415.00	0.45
ftv47	2	9	1415.00	0.44
ftv47	2	10	1415.00	0.47
ftv47	5	1	1421.00	0.58
ftv47	5	2	1421.00	0.57
ftv47	5	3	1421.00	0.58
ftv47	5	4	1421.00	0.57
ftv47	5	5	1421.00	0.57
ftv47	5	6	1421.00	0.58
ftv47	5	7	1421.00	0.57
ftv47	5	8	1421.00	0.60
ftv47	5	9	1421.00	0.57
ftv47	5	10	1421.00	0.58
ftv47	8	1	1461.00	0.55
ftv47	8	2	1461.00	0.55
ftv47	8	3	1461.00	0.56
ftv47	8	4	1461.00	0.54
ftv47	8	5	1461.00	0.55
ftv47	8	6	1461.00	0.54
ftv47	8	7	1461.00	0.53
ftv47	8	8	1461.00	0.55
ftv47	8	9	1461.00	0.55
ftv47	8	10	1485.00	0.54
ftv55	2	1	1568.00	1.48
ftv55	2	2	1586.00	1.49
ftv55	2	3	1586.00	1.48
ftv55	2	4	1581.00	1.51
ftv55	2	5	1581.00	1.50
ftv55	2	6	1568.00	1.51
ftv55	2	7	1568.00	1.51
ftv55	2	8	1586.00	1.50
ftv55	2	9	1581.00	1.49
ftv55	2	10	1568.00	1.49
ftv55	5	1	1568.00	1.84
ftv55	5	2	1575.00	1.81
ftv55	5	3	1577.00	1.83
ftv55	5	4	1558.00	1.82
ftv55	5	5	1572.00	1.79
ftv55	5	6	1568.00	1.84
ftv55	5	7	1584.00	1.81
ftv55	5	8	1577.00	1.84
ftv55	5	9	1568.00	1.83
ftv55	5	10	1577.00	1.84
ftv55	8	1	1568.00	1.50
ftv55	8	2	1568.00	1.51
ftv55	8	3	1556.00	1.50
ftv55	8	4	1568.00	1.49
ftv55	8	5	1568.00	1.52
ftv55	8	6	1577.00	1.53
ftv55	8	7	1577.00	1.52
ftv55	8	8	1577.00	1.50
ftv55	8	9	1568.00	1.53
ftv55	8	10	1558.00	1.50
ftv64	2	1	1591.00	1.98
ftv64	2	2	1591.00	1.94
ftv64	2	3	1591.00	1.98
ftv64	2	4	1583.00	1.98
ftv64	2	5	1583.00	2.00
ftv64	2	6	1591.00	1.96
ftv64	2	7	1583.00	2.01
ftv64	2	8	1583.00	2.00
ftv64	2	9	1583.00	1.93
ftv64	2	10	1591.00	1.99
ftv64	5	1	1556.00	2.25
ftv64	5	2	1556.00	2.19
ftv64	5	3	1556.00	2.22
ftv64	5	4	1570.00	2.23
ftv64	5	5	1556.00	2.23
ftv64	5	6	1556.00	2.21
ftv64	5	7	1556.00	2.21
ftv64	5	8	1575.00	2.23
ftv64	5	9	1556.00	2.24
ftv64	5	10	1556.00	2.21
ftv64	8	1	1775.00	1.81
ftv64	8	2	1775.00	1.83
ftv64	8	3	1775.00	1.85
ftv64	8	4	1775.00	1.85
ftv64	8	5	1775.00	1.85
ftv64	8	6	1775.00	1.84
ftv64	8	7	1775.00	1.84
ftv64	8	8	1775.00	1.86
ftv64	8	9	1775.00	1.85
ftv64	8	10	1775.00	1.84
ftv70	2	1	1669.00	2.77
ftv70	2	2	1669.00	2.73
ftv70	2	3	1669.00	2.70
ftv70	2	4	1669.00	2.76
ftv70	2	5	1669.00	2.81
ftv70	2	6	1669.00	2.76
ftv70	2	7	1669.00	2.80
ftv70	2	8	1669.00	2.81
ftv70	2	9	1669.00	2.81
ftv70	2	10	1669.00	2.79
ftv70	5	1	1669.00	2.76
ftv70	5	2	1669.00	2.75
ftv70	5	3	1669.00	2.79
ftv70	5	4	1669.00	2.75
ftv70	5	5	1669.00	2.74
ftv70	5	6	1669.00	2.73
ftv70	5	7	1669.00	2.76
ftv70	5	8	1669.00	2.72
ftv70	5	9	1669.00	2.70
ftv70	5	10	1669.00	2.69
ftv70	8	1	1747.00	6.95
ftv70	8	2	1747.00	7.56
ftv70	8	3	1747.00	7.58
ftv70	8	4	1747.00	7.09
ftv70	8	5	1747.00	7.03
ftv70	8	6	1747.00	7.55
ftv70	8	7	1747.00	7.03
ftv70	8	8	1747.00	6.99
ftv70	8	9	1747.00	7.01
ftv70	8	10	1747.00	7.02
ftv80	2	1	1376.00	5.93
ftv80	2	2	1376.00	5.89
ftv80	2	3	1376.00	5.92
ftv80	2	4	1376.00	5.92
ftv80	2	5	1376.00	5.96
ftv80	2	6	1376.00	6.08
ftv80	2	7	1376.00	5.87
ftv80	2	8	1376.00	5.97
ftv80	2	9	1376.00	5.92
ftv80	2	10	1376.00	5.93
ftv80	5	1	1382.00	7.59
ftv80	5	2	1376.00	7.71
ftv80	5	3	1382.00	7.58
ftv80	5	4	1376.00	7.55
ftv80	5	5	1376.00	7.59
ftv80	5	6	1376.00	7.56
ftv80	5	7	1402.00	7.58
ftv80	5	8	1383.00	7.59
ftv80	5	9	1376.00	7.56
ftv80	5	10	1382.00	7.54
ftv80	8	1	1376.00	6.23
ftv80	8	2	1376.00	6.19
ftv80	8	3	1376.00	6.10
ftv80	8	4	1376.00	6.16
ftv80	8	5	1376.00	6.26
ftv80	8	6	1376.00	6.16
ftv80	8	7	1376.00	6.15
ftv80	8	8	1376.00	6.23
ftv80	8	9	1376.00	6.11
ftv80	8	10	1376.00	6.23
ftv90	2	1	1468.00	11.94
ftv90	2	2	1468.00	11.69
ftv90	2	3	1468.00	11.90
ftv90	2	4	1468.00	11.84
ftv90	2	5	1468.00	11.74
ftv90	2	6	1460.00	11.79
ftv90	2	7	1468.00	11.95
ftv90	2	8	1468.00	11.73
ftv90	2	9	1468.00	11.93
ftv90	2	10	1468.00	11.91
ftv90	5	1	1484.00	13.10
ftv90	5	2	1484.00	13.10
ftv90	5	3	1486.00	13.10
ftv90	5	4	1486.00	13.11
ftv90	5	5	1486.00	13.20
ftv90	5	6	1459.00	13.06
ftv90	5	7	1486.00	13.21
ftv90	5	8	1491.00	13.02
ftv90	5	9	1486.00	13.17
ftv90	5	10	1486.00	13.16
ftv90	8	1	1569.00	10.50
ftv90	8	2	1519.00	10.24
ftv90	8	3	1551.00	10.33
ftv90	8	4	1491.00	10.57
ftv90	8	5	1544.00	10.44
ftv90	8	6	1519.00	10.34
ftv90	8	7	1519.00	10.34
ftv90	8	8	1519.00	10.33
ftv90	8	9	1558.00	10.39
ftv90	8	10	1519.00	10.42
kro124	2	1	9619.00	0.52
kro124	2	2	9619.00	0.50
kro124	2	3	9619.00	0.50
kro124	2	4	9619.00	0.51
kro124	2	5	9619.00	0.52
kro124	2	6	9619.00	0.51
kro124	2	7	9619.00	0.51
kro124	2	8	9619.00	0.48
kro124	2	9	9619.00	0.52
kro124	2	10	9619.00	0.48
kro124	5	1	16738.00	1.49
kro124	5	2	16859.00	1.45
kro124	5	3	16782.00	1.51
kro124	5	4	16738.00	1.46
kro124	5	5	16782.00	1.50
kro124	5	6	16939.00	1.48
kro124	5	7	16782.00	1.53
kro124	5	8	16782.00	1.51
kro124	5	9	16738.00	1.50
kro124	5	10	16913.00	1.48
kro124	8	1	25243.00	4.00
kro124	8	2	25501.00	4.02
kro124	8	3	25307.00	3.99
kro124	8	4	25501.00	4.03
kro124	8	5	25544.00	4.03
kro124	8	6	25307.00	3.98
kro124	8	7	25501.00	3.99
kro124	8	8	25120.00	3.97
kro124	8	9	25501.00	3.98
kro124	8	10	25076.00	4.05
p43	2	1	371.00	1.25
p43	2	2	371.00	1.27
p43	2	3	371.00	1.26
p43	2	4	371.00	1.26
p43	2	5	371.00	1.27
p43	2	6	371.00	1.28
p43	2	7	371.00	1.26
p43	2	8	371.00	1.25
p43	2	9	371.00	1.26
p43	2	10	371.00	1.26
p43	5	1	371.00	1.09
p43	5	2	371.00	1.10
p43	5	3	371.00	1.07
p43	5	4	371.00	1.07
p43	5	5	371.00	1.10
p43	5	6	371.00	1.08
p43	5	7	371.00	1.08
p43	5	8	371.00	1.08
p43	5	9	371.00	1.08
p43	5	10	371.00	1.09
p43	8	1	371.00	0.56
p43	8	2	371.00	0.57
p43	8	3	371.00	0.56
p43	8	4	371.00	0.56
p43	8	5	371.00	0.55
p43	8	6	371.00	0.54
p43	8	7	371.00	0.55
p43	8	8	371.00	0.56
p43	8	9	371.00	0.56
p43	8	10	371.00	0.55
rbg323	2	1	1289.00	2302.12
rbg323	2	2	1289.00	2306.58
rbg323	2	3	1289.00	2311.49
rbg323	2	4	1290.00	2299.44
rbg323	2	5	1299.00	2299.72
rbg323	2	6	1290.00	2321.93
rbg323	2	7	1290.00	2291.81
rbg323	2	8	1290.00	2318.36
rbg323	2	9	1289.00	2329.71
rbg323	2	10	1289.00	2302.99
rbg323	5	1	1288.00	2384.61
rbg323	5	2	1291.00	2368.41
rbg323	5	3	1288.00	2341.03
rbg323	5	4	1291.00	2375.07
rbg323	5	5	1291.00	2371.53
rbg323	5	6	1291.00	2614.53
rbg323	5	7	1279.00	2390.08
rbg323	5	8	1292.00	2373.98
rbg323	5	9	1292.00	2351.61
rbg323	5	10	1293.00	2350.60
rbg323	8	1	1272.00	1811.58
rbg323	8	2	1271.00	1791.58
rbg323	8	3	1271.00	1773.76
rbg323	8	4	1268.00	1850.48
rbg323	8	5	1271.00	1788.21
rbg323	8	6	1271.00	1771.88
rbg323	8	7	1272.00	1805.15
rbg323	8	8	1271.00	1788.84
rbg323	8	9	1271.00	1774.76
rbg323	8	10	1284.00	1786.30
rbg358	2	1	1168.00	3829.13
rbg358	2	2	1168.00	3820.70
rbg358	2	3	1188.00	3817.50
rbg358	5	1	1159.00	3986.00
rbg358	5	2	1159.00	3977.11
rbg358	5	3	1132.00	4022.77
rbg358	8	1	1101.00	2988.43
rbg358	8	2	1094.00	3021.44
rbg358	8	3	1101.00	2973.91
rbg358	8	4	1085.00	2983.30
rbg358	8	5	1096.00	3032.65
rbg358	8	6	1096.00	3042.51
rbg358	8	7	1085.00	3031.94
rbg358	8	8	1096.00	3046.09
rbg358	8	9	1096.00	3051.89
rbg358	8	10	1096.00	3026.16
rbg403	2	1	2097.00	4929.84
rbg403	2	2	2095.00	5040.62
rbg403	2	3	2103.00	5015.12
rbg403	5	1	2092.00	5382.56
rbg403	5	2	2091.00	5317.63
rbg403	5	3	2095.00	5308.22
rbg403	8	1	2079.00	4342.21
rbg403	8	2	2082.00	4355.78
rbg403	8	3	2088.00	4363.97
rbg443	2	1	2420.00	8067.96
rbg443	2	2	2426.00	7946.42
rbg443	2	3	2433.00	7964.92
rbg443	5	1	2414.00	8308.80
rbg443	5	2	2416.00	8383.29
rbg443	5	3	2409.00	8438.70
rbg443	8	1	2401.00	6945.91
rbg443	8	2	2385.00	6902.38
rbg443	8	3	2385.00	6927.84
ry48p	2	1	4426.00	0.06
ry48p	2	2	4426.00	0.06
ry48p	2	3	4426.00	0.06
ry48p	2	4	4426.00	0.06
ry48p	2	5	4426.00	0.06
ry48p	2	6	4426.00	0.06
ry48p	2	7	4426.00	0.06
ry48p	2	8	4426.00	0.06
ry48p	2	9	4426.00	0.06
ry48p	2	10	4426.00	0.05
ry48p	5	1	5910.00	0.22
ry48p	5	2	5910.00	0.22
ry48p	5	3	5910.00	0.21
ry48p	5	4	5910.00	0.22
ry48p	5	5	5910.00	0.21
ry48p	5	6	5910.00	0.21
ry48p	5	7	5910.00	0.21
ry48p	5	8	5910.00	0.21
ry48p	5	9	5910.00	0.22
ry48p	5	10	5910.00	0.22
ry48p	8	1	9461.00	0.40
ry48p	8	2	9582.00	0.43
ry48p	8	3	9461.00	0.41
ry48p	8	4	9461.00	0.42
ry48p	8	5	9461.00	0.42
ry48p	8	6	9582.00	0.43
ry48p	8	7	9461.00	0.41
ry48p	8	8	9461.00	0.42
ry48p	8	9	9582.00	0.42
ry48p	8	10	9582.00	0.43
stilt100_0	2	1	2500962.00	1.42
stilt100_0	2	2	2500962.00	1.42
stilt100_0	2	3	2500962.00	1.41
stilt100_0	2	4	2500962.00	1.42
stilt100_0	2	5	2500962.00	1.39
stilt100_0	2	6	2500962.00	1.40
stilt100_0	2	7	2500962.00	1.44
stilt100_0	2	8	2500962.00	1.42
stilt100_0	2	9	2500962.00	1.44
stilt100_0	2	10	2500962.00	1.42
stilt100_0	5	1	6039316.00	2.18
stilt100_0	5	2	6039316.00	2.21
stilt100_0	5	3	6077842.00	2.19
stilt100_0	5	4	6077842.00	2.21
stilt100_0	5	5	6064407.00	2.02
stilt100_0	5	6	6039316.00	2.15
stilt100_0	5	7	6039316.00	2.18
stilt100_0	5	8	6077842.00	2.19
stilt100_0	5	9	6077842.00	2.16
stilt100_0	5	10	6039316.00	2.19
stilt100_0	8	1	10627479.00	8.35
stilt100_0	8	2	10627479.00	8.36
stilt100_0	8	3	10818762.00	13.56
stilt100_0	8	4	10627479.00	8.35
stilt100_0	8	5	10894865.00	33.27
stilt100_0	8	6	10665787.00	8.72
stilt100_0	8	7	10665787.00	8.76
stilt100_0	8	8	10627479.00	8.40
stilt100_0	8	9	10627479.00	8.28
stilt100_0	8	10	10643588.00	8.14
stilt100_1	2	1	2770087.00	1.61
stilt100_1	2	2	2770087.00	1.62
stilt100_1	2	3	2770087.00	1.65
stilt100_1	2	4	2770087.00	1.63
stilt100_1	2	5	2770087.00	1.63
stilt100_1	2	6	2770087.00	1.65
stilt100_1	2	7	2770087.00	1.65
stilt100_1	2	8	2770087.00	1.63
stilt100_1	2	9	2770087.00	1.61
stilt100_1	2	10	2770087.00	1.64
stilt100_1	5	1	6250163.00	2.89
stilt100_1	5	2	6202589.00	2.86
stilt100_1	5	3	6064924.00	2.90
stilt100_1	5	4	6064924.00	2.89
stilt100_1	5	5	6064924.00	2.88
stilt100_1	5	6	6064924.00	2.88
stilt100_1	5	7	6064924.00	2.85
stilt100_1	5	8	6232067.00	2.84
stilt100_1	5	9	6232067.00	2.85
stilt100_1	5	10	6232067.00	2.83
stilt100_1	8	1	10788646.00	44.26
stilt100_1	8	2	10852643.00	8.34
stilt100_1	8	3	10886862.00	8.07
stilt100_1	8	4	10788646.00	44.32
stilt100_1	8	5	10886862.00	8.18
stilt100_1	8	6	10620777.00	9.81
stilt100_1	8	7	10668241.00	12.47
stilt100_1	8	8	10788646.00	43.86
stilt100_1	8	9	10852643.00	8.38
stilt100_1	8	10	10788646.00	43.84
stilt100_2	2	1	3137105.00	1.62
stilt100_2	2	2	3137105.00	1.60
stilt100_2	2	3	3137105.00	1.60
stilt100_2	2	4	3137105.00	1.61
stilt100_2	2	5	3137105.00	1.63
stilt100_2	2	6	2971036.00	1.62
stilt100_2	2	7	2971036.00	1.61
stilt100_2	2	8	3155822.00	1.60
stilt100_2	2	9	3137105.00	1.62
stilt100_2	2	10	2965748.00	1.61
stilt100_2	5	1	6135786.00	2.20
stilt100_2	5	2	6135786.00	2.23
stilt100_2	5	3	6135786.00	2.20
stilt100_2	5	4	6135786.00	2.18
stilt100_2	5	5	6093776.00	2.18
stilt100_2	5	6	6135786.00	2.20
stilt100_2	5	7	5961816.00	2.19
stilt100_2	5	8	6093776.00	2.25
stilt100_2	5	9	6135786.00	2.18
stilt100_2	5	10	6135786.00	2.18
stilt100_2	8	1	9867065.00	5.82
stilt100_2	8	2	9744265.00	5.81
stilt100_2	8	3	9867065.00	5.72
stilt100_2	8	4	10131279.00	5.81
stilt100_2	8	5	10103388.00	5.89
stilt100_2	8	6	9867065.00	5.80
stilt100_2	8	7	10131279.00	5.74
stilt100_2	8	8	10131279.00	5.83
stilt100_2	8	9	10131279.00	5.74
stilt100_2	8	10	10103388.00	5.89
stilt100_3	2	1	3354124.00	2.48
stilt100_3	2	2	3354124.00	2.47
stilt100_3	2	3	3354124.00	2.49
stilt100_3	2	4	3354124.00	2.49
stilt100_3	2	5	3354124.00	2.48
stilt100_3	2	6	3354124.00	2.49
stilt100_3	2	7	3354124.00	2.51
stilt100_3	2	8	3354124.00	2.50
stilt100_3	2	9	3354124.00	2.50
stilt100_3	2	10	3354124.00	2.54
stilt100_3	5	1	6563114.00	4.12
stilt100_3	5	2	6552875.00	4.05
stilt100_3	5	3	6678561.00	4.12
stilt100_3	5	4	6677239.00	4.12
stilt100_3	5	5	6678561.00	4.03
stilt100_3	5	6	6678561.00	4.06
stilt100_3	5	7	6552875.00	4.05
stilt100_3	5	8	6678561.00	4.15
stilt100_3	5	9	6656497.00	4.11
stilt100_3	5	10	6678561.00	4.09
stilt100_3	8	1	10200491.00	7.14
stilt100_3	8	2	10200491.00	7.11
stilt100_3	8	3	10235827.00	7.23
stilt100_3	8	4	10235827.00	7.20
stilt100_3	8	5	10235827.00	7.17
stilt100_3	8	6	10235827.00	7.34
stilt100_3	8	7	10235827.00	7.18
stilt100_3	8	8	10193007.00	7.09
stilt100_3	8	9	10200491.00	7.14
stilt100_3	8	10	10200491.00	7.04
stilt100_4	2	1	2674644.00	1.78
stilt100_4	2	2	2662325.00	1.80
stilt100_4	2	3	2662325.00	1.82
stilt100_4	2	4	2662325.00	1.78
stilt100_4	2	5	2674644.00	1.83
stilt100_4	2	6	2662325.00	1.78
stilt100_4	2	7	2662325.00	1.78
stilt100_4	2	8	2674644.00	1.79
stilt100_4	2	9	2674644.00	1.81
stilt100_4	2	10	2662325.00	1.78
stilt100_4	5	1	5944980.00	3.08
stilt100_4	5	2	5944980.00	3.13
stilt100_4	5	3	5944980.00	3.04
stilt100_4	5	4	5899993.00	3.09
stilt100_4	5	5	5944980.00	3.06
stilt100_4	5	6	5944980.00	3.09
stilt100_4	5	7	5944980.00	3.13
stilt100_4	5	8	5944980.00	3.10
stilt100_4	5	9	5944980.00	3.10
stilt100_4	5	10	5944980.00	3.06
stilt100_4	8	1	10900426.00	8.86
stilt100_4	8	2	10900426.00	8.94
stilt100_4	8	3	10875987.00	8.86
stilt100_4	8	4	10900426.00	8.79
stilt100_4	8	5	10900426.00	8.87
stilt100_4	8	6	10900426.00	8.92
stilt100_4	8	7	10900426.00	8.90
stilt100_4	8	8	10816692.00	10.40
stilt100_4	8	9	10900426.00	8.90
stilt100_4	8	10	10900426.00	8.85
stilt100_5	2	1	2469070.00	2.46
stilt100_5	2	2	2469070.00	2.47
stilt100_5	2	3	2469070.00	2.46
stilt100_5	2	4	2469070.00	2.49
stilt100_5	2	5	2469070.00	2.46
stilt100_5	2	6	2469070.00	2.44
stilt100_5	2	7	2469070.00	2.44
stilt100_5	2	8	2469070.00	2.47
stilt100_5	2	9	2469070.00	2.43
stilt100_5	2	10	2469070.00	2.47
stilt100_5	5	1	6436660.00	2.00
stilt100_5	5	2	6436660.00	2.00
stilt100_5	5	3	6436660.00	2.01
stilt100_5	5	4	6436660.00	2.00
stilt100_5	5	5	6503122.00	2.01
stilt100_5	5	6	6436660.00	2.01
stilt100_5	5	7	6436660.00	2.02
stilt100_5	5	8	6436660.00	2.00
stilt100_5	5	9	6436660.00	2.00
stilt100_5	5	10	6436660.00	2.01
stilt100_5	8	1	10605674.00	7.81
stilt100_5	8	2	10605674.00	7.74
stilt100_5	8	3	10605674.00	7.84
stilt100_5	8	4	10647802.00	7.97
stilt100_5	8	5	10605674.00	7.74
stilt100_5	8	6	10605674.00	7.73
stilt100_5	8	7	10330388.00	7.84
stilt100_5	8	8	10605674.00	7.73
stilt100_5	8	9	10605674.00	7.66
stilt100_5	8	10	10605674.00	7.64
stilt100_6	2	1	2771546.00	2.14
stilt100_6	2	2	2771546.00	2.14
stilt100_6	2	3	2771546.00	2.11
stilt100_6	2	4	2771546.00	2.14
stilt100_6	2	5	2771546.00	2.17
stilt100_6	2	6	2771546.00	2.11
stilt100_6	2	7	2771546.00	2.11
stilt100_6	2	8	2771546.00	2.11
stilt100_6	2	9	2771546.00	2.10
stilt100_6	2	10	2771546.00	2.12
stilt100_6	5	1	5623809.00	3.20
stilt100_6	5	2	5611111.00	3.09
stilt100_6	5	3	5688605.00	3.20
stilt100_6	5	4	5688605.00	3.15
stilt100_6	5	5	5512394.00	3.16
stilt100_6	5	6	5589987.00	3.16
stilt100_6	5	7	5512394.00	3.14
stilt100_6	5	8	5623809.00	3.23
stilt100_6	5	9	5590871.00	3.22
stilt100_6	5	10	5700306.00	3.13
stilt100_6	8	1	9895916.00	5.43
stilt100_6	8	2	9895916.00	5.40
stilt100_6	8	3	9569370.00	5.45
stilt100_6	8	4	9895916.00	5.46
stilt100_6	8	5	9895916.00	5.43
stilt100_6	8	6	9704008.00	5.55
stilt100_6	8	7	9674403.00	5.24
stilt100_6	8	8	9714447.00	5.47
stilt100_6	8	9	9895916.00	5.41
stilt100_6	8	10	9895916.00	5.36
stilt100_7	2	1	3199482.00	2.69
stilt100_7	2	2	3199482.00	2.69
stilt100_7	2	3	3199482.00	2.65
stilt100_7	2	4	3199482.00	2.69
stilt100_7	2	5	3199482.00	2.67
stilt100_7	2	6	3199482.00	2.69
stilt100_7	2	7	3199482.00	2.66
stilt100_7	2	8	3199482.00	2.69
stilt100_7	2	9	3199482.00	2.68
stilt100_7	2	10	3199482.00	2.66
stilt100_7	5	1	6128473.00	3.51
stilt100_7	5	2	6165895.00	3.54
stilt100_7	5	3	6165895.00	3.52
stilt100_7	5	4	6128473.00	3.59
stilt100_7	5	5	6128473.00	3.52
stilt100_7	5	6	6128473.00	3.50
stilt100_7	5	7	6165895.00	3.57
stilt100_7	5	8	6165895.00	3.53
stilt100_7	5	9	6128473.00	3.52
stilt100_7	5	10	6148502.00	3.58
stilt100_7	8	1	10729684.00	11.09
stilt100_7	8	2	10729684.00	11.04
stilt100_7	8	3	10729684.00	11.09
stilt100_7	8	4	10843383.00	12.27
stilt100_7	8	5	10843383.00	12.38
stilt100_7	8	6	10729684.00	11.00
stilt100_7	8	7	11061436.00	16.10
stilt100_7	8	8	10843383.00	12.53
stilt100_7	8	9	10843383.00	12.50
stilt100_7	8	10	10843383.00	12.52
stilt100_8	2	1	2752703.00	2.19
stilt100_8	2	2	2752703.00	2.19
stilt100_8	2	3	2752703.00	2.15
stilt100_8	2	4	2752703.00	2.17
stilt100_8	2	5	2752703.00	2.17
stilt100_8	2	6	2752703.00	2.18
stilt100_8	2	7	2752703.00	2.16
stilt100_8	2	8	2752703.00	2.17
stilt100_8	2	9	2752703.00	2.15
stilt100_8	2	10	2752703.00	2.16
stilt100_8	5	1	5835814.00	3.45
stilt100_8	5	2	5835814.00	3.43
stilt100_8	5	3	5843095.00	3.44
stilt100_8	5	4	5835814.00	3.45
stilt100_8	5	5	5835814.00	3.47
stilt100_8	5	6	5835814.00	3.46
stilt100_8	5	7	5835814.00	3.45
stilt100_8	5	8	5835814.00	3.48
stilt100_8	5	9	5835814.00	3.47
stilt100_8	5	10	5835814.00	3.45
stilt100_8	8	1	10246719.00	7.62
stilt100_8	8	2	10246719.00	7.59
stilt100_8	8	3	10084398.00	7.89
stilt100_8	8	4	10246719.00	7.58
stilt100_8	8	5	10246719.00	7.59
stilt100_8	8	6	10246719.00	7.78
stilt100_8	8	7	10154472.00	7.74
stilt100_8	8	8	10246719.00	7.66
stilt100_8	8	9	10034809.00	8.02
stilt100_8	8	10	10097305.00	7.53
stilt100_9	2	1	2611017.00	1.85
stilt100_9	2	2	2611017.00	1.87
stilt100_9	2	3	2611017.00	1.86
stilt100_9	2	4	2611017.00	1.84
stilt100_9	2	5	2611017.00	1.87
stilt100_9	2	6	2611017.00	1.86
stilt100_9	2	7	2611017.00	1.86
stilt100_9	2	8	2611017.00	1.84
stilt100_9	2	9	2611017.00	1.85
stilt100_9	2	10	2611017.00	1.86
stilt100_9	5	1	6070418.00	2.34
stilt100_9	5	2	6020199.00	2.32
stilt100_9	5	3	6041483.00	2.34
stilt100_9	5	4	6070418.00	2.34
stilt100_9	5	5	6070418.00	2.35
stilt100_9	5	6	6070418.00	2.30
stilt100_9	5	7	6077577.00	2.32
stilt100_9	5	8	6077577.00	2.34
stilt100_9	5	9	6077577.00	2.29
stilt100_9	5	10	6070418.00	2.28
stilt100_9	8	1	10615856.00	8.22
stilt100_9	8	2	10494833.00	7.75
stilt100_9	8	3	10570482.00	7.82
stilt100_9	8	4	10615856.00	8.19
stilt100_9	8	5	10615856.00	8.17
stilt100_9	8	6	10615856.00	8.13
stilt100_9	8	7	10615856.00	8.15
stilt100_9	8	8	10596506.00	7.85
stilt100_9	8	9	10615856.00	8.07
stilt100_9	8	10	10615856.00	8.05
stilt316_10	2	1	4564314.00	63.36
stilt316_10	2	2	4564314.00	63.79
stilt316_10	2	3	4564314.00	62.86
stilt316_10	2	4	4564314.00	62.53
stilt316_10	2	5	4564314.00	62.92
stilt316_10	2	6	4564314.00	62.94
stilt316_10	2	7	4564314.00	62.45
stilt316_10	2	8	4564314.00	62.71
stilt316_10	2	9	4564314.00	61.77
stilt316_10	2	10	4564314.00	63.37
stilt316_10	5	1	10999055.00	186.33
stilt316_10	5	2	10999055.00	184.35
stilt316_10	5	3	10942525.00	183.27
stilt316_10	5	4	10999055.00	187.31
stilt316_10	5	5	10999055.00	184.25
stilt316_10	5	6	10942525.00	184.23
stilt316_10	5	7	10999055.00	186.65
stilt316_10	5	8	10928273.00	185.54
stilt316_10	5	9	10999055.00	186.80
stilt316_10	5	10	10999055.00	185.86
stilt316_10	8	1	18766590.00	622.23
stilt316_10	8	2	18663700.00	614.33
stilt316_10	8	3	18663700.00	613.90
stilt316_10	8	4	18663700.00	619.62
stilt316_10	8	5	18663700.00	619.75
stilt316_10	8	6	18663700.00	620.81
stilt316_10	8	7	18918326.00	617.90
stilt316_10	8	8	18663700.00	625.45
stilt316_10	8	9	18663700.00	614.52
stilt316_10	8	10	18400108.00	620.64
stilt316_11	2	1	4933467.00	49.77
stilt316_11	2	2	4933467.00	49.94
stilt316_11	2	3	4913114.00	49.85
stilt316_11	2	4	4933467.00	49.97
stilt316_11	2	5	4933467.00	49.60
stilt316_11	2	6	4933467.00	49.81
stilt316_11	2	7	4933467.00	49.95
stilt316_11	2	8	4933467.00	49.52
stilt316_11	2	9	4933467.00	49.96
stilt316_11	2	10	4933467.00	50.14
stilt316_11	5	1	11699948.00	168.57
stilt316_11	5	2	11824324.00	168.79
stilt316_11	5	3	11659681.00	169.57
stilt316_11	5	4	11450325.00	170.15
stilt316_11	5	5	11704609.00	168.21
stilt316_11	5	6	11571676.00	167.76
stilt316_11	5	7	11824324.00	170.09
stilt316_11	5	8	11824324.00	169.63
stilt316_11	5	9	11731942.00	168.06
stilt316_11	5	10	11640419.00	168.79
stilt316_11	8	1	19043410.00	511.63
stilt316_11	8	2	19043410.00	507.05
stilt316_11	8	3	19043410.00	504.79
stilt316_11	8	4	18983828.00	469.54
stilt316_11	8	5	18939604.00	539.52
stilt316_11	8	6	18983828.00	478.63
stilt316_11	8	7	19043410.00	508.84
stilt316_11	8	8	19043410.00	507.16
stilt316_11	8	9	19043410.00	500.21
stilt316_11	8	10	19043410.00	507.17
stilt316_12	2	1	4680059.00	60.94
stilt316_12	2	2	4742840.00	61.27
stilt316_12	2	3	4701622.00	61.30
stilt316_12	2	4	4742840.00	61.11
stilt316_12	2	5	4742840.00	61.06
stilt316_12	2	6	4546018.00	61.13
stilt316_12	2	7	4733114.00	60.45
stilt316_12	2	8	4742840.00	61.30
stilt316_12	2	9	4742840.00	61.00
stilt316_12	2	10	4742840.00	61.22
stilt316_12	5	1	11658032.00	182.93
stilt316_12	5	2	11658032.00	182.25
stilt316_12	5	3	11409291.00	181.74
stilt316_12	5	4	11658032.00	183.93
stilt316_12	5	5	11758591.00	181.77
stilt316_12	5	6	11658032.00	183.47
stilt316_12	5	7	11658032.00	184.58
stilt316_12	5	8	11758591.00	182.45
stilt316_12	5	9	11658032.00	185.97
stilt316_12	5	10	11658032.00	185.01
stilt316_12	8	1	18774780.00	638.16
stilt316_12	8	2	18947244.00	683.05
stilt316_12	8	3	18947244.00	689.34
stilt316_12	8	4	18774780.00	640.65
stilt316_12	8	5	18947244.00	689.74
stilt316_12	8	6	18947244.00	683.55
stilt316_12	8	7	18639834.00	631.57
stilt316_12	8	8	18774780.00	647.50
stilt316_12	8	9	18654868.00	678.74
stilt316_12	8	10	18639834.00	639.75
stilt316_13	2	1	4681968.00	51.25
stilt316_13	2	2	4670915.00	50.58
stilt316_13	2	3	4670915.00	51.00
stilt316_13	2	4	4749295.00	50.62
stilt316_13	2	5	4670915.00	51.08
stilt316_13	2	6	4749295.00	50.54
stilt316_13	2	7	4670915.00	50.42
stilt316_13	2	8	4670915.00	50.12
stilt316_13	2	9	4681968.00	50.66
stilt316_13	2	10	4681968.00	50.64
stilt316_13	5	1	11054323.00	159.30
stilt316_13	5	2	11034087.00	167.52
stilt316_13	5	3	11054323.00	160.31
stilt316_13	5	4	11054323.00	159.91
stilt316_13	5	5	11054323.00	160.48
stilt316_13	5	6	11314625.00	160.09
stilt316_13	5	7	11034087.00	169.75
stilt316_13	5	8	11054323.00	159.11
stilt316_13	5	9	11054323.00	158.95
stilt316_13	5	10	11054323.00	161.20
stilt316_13	8	1	18650534.00	633.48
stilt316_13	8	2	18017184.00	570.26
stilt316_13	8	3	18017184.00	572.23
stilt316_13	8	4	18650534.00	641.98
stilt316_13	8	5	18675800.00	633.02
stilt316_13	8	6	18328248.00	633.54
stilt316_13	8	7	18328248.00	621.54
stilt316_13	8	8	18675800.00	633.03
stilt316_13	8	9	18650534.00	630.12
stilt316_13	8	10	18665676.00	602.50
stilt316_14	2	1	3992821.00	59.67
stilt316_14	2	2	3992821.00	59.35
stilt316_14	2	3	4177556.00	58.65
stilt316_14	2	4	3992821.00	60.39
stilt316_14	2	5	4333741.00	58.61
stilt316_14	2	6	3992821.00	59.75
stilt316_14	2	7	4350429.00	58.90
stilt316_14	2	8	3992821.00	59.57
stilt316_14	2	9	3992821.00	59.63
stilt316_14	2	10	3992821.00	59.78
stilt316_14	5	1	10707025.00	163.33
stilt316_14	5	2	10762534.00	162.02
stilt316_14	5	3	10762534.00	165.28
stilt316_14	5	4	10707025.00	163.64
stilt316_14	5	5	10707025.00	160.09
stilt316_14	5	6	10707025.00	163.83
stilt316_14	5	7	10707025.00	164.17
stilt316_14	5	8	10707025.00	160.46
stilt316_14	5	9	10762534.00	163.20
stilt316_14	5	10	10707025.00	163.10
stilt316_14	8	1	18113224.00	715.71
stilt316_14	8	2	18447780.00	700.51
stilt316_14	8	3	18255650.00	731.47
stilt316_14	8	4	18447780.00	714.59
stilt316_14	8	5	18447780.00	708.28
stilt316_14	8	6	18255650.00	722.78
stilt316_14	8	7	18255650.00	719.67
stilt316_14	8	8	18278550.00	739.59
stilt316_14	8	9	18447780.00	715.75
stilt316_14	8	10	18255650.00	729.76
stilt316_15	2	1	5106976.00	56.77
stilt316_15	2	2	5106976.00	56.91
stilt316_15	2	3	5106976.00	56.51
stilt316_15	2	4	5106976.00	56.49
stilt316_15	2	5	5106976.00	56.69
stilt316_15	2	6	5106976.00	56.37
stilt316_15	2	7	5106976.00	56.77
stilt316_15	2	8	5089998.00	56.68
stilt316_15	2	9	5106976.00	56.34
stilt316_15	2	10	5106976.00	57.09
stilt316_15	5	1	10940783.00	143.31
stilt316_15	5	2	10940783.00	144.30
stilt316_15	5	3	10714551.00	143.62
stilt316_15	5	4	10940783.00	143.97
stilt316_15	5	5	10940783.00	144.47
stilt316_15	5	6	10963792.00	142.23
stilt316_15	5	7	10940783.00	144.32
stilt316_15	5	8	10940783.00	144.02
stilt316_15	5	9	10786606.00	144.08
stilt316_15	5	10	11020970.00	142.78
stilt316_15	8	1	18687348.00	642.65
stilt316_15	8	2	18194632.00	588.48
stilt316_15	8	3	18687348.00	638.81
stilt316_15	8	4	18518600.00	646.84
stilt316_15	8	5	18621144.00	613.96
stilt316_15	8	6	18687348.00	631.17
stilt316_15	8	7	18309886.00	626.92
stilt316_15	8	8	18166254.00	577.45
stilt316_15	8	9	18219092.00	618.85
stilt316_15	8	10	18311716.00	653.04
stilt316_16	2	1	4456278.00	54.05
stilt316_16	2	2	4487097.00	54.22
stilt316_16	2	3	4487097.00	53.58
stilt316_16	2	4	4487097.00	54.34
stilt316_16	2	5	4487097.00	54.26
stilt316_16	2	6	4487097.00	53.72
stilt316_16	2	7	4456278.00	54.09
stilt316_16	2	8	4487097.00	53.82
stilt316_16	2	9	4422240.00	54.00
stilt316_16	2	10	4456278.00	54.32
stilt316_16	5	1	11117658.00	192.26
stilt316_16	5	2	11154826.00	164.24
stilt316_16	5	3	11117658.00	194.20
stilt316_16	5	4	11117658.00	192.00
stilt316_16	5	5	10902319.00	159.74
stilt316_16	5	6	10902319.00	159.41
stilt316_16	5	7	10902319.00	158.85
stilt316_16	5	8	11117658.00	193.16
stilt316_16	5	9	11117658.00	192.77
stilt316_16	5	10	11095284.00	169.91
stilt316_16	8	1	18904372.00	627.22
stilt316_16	8	2	18741818.00	623.62
stilt316_16	8	3	18741818.00	623.33
stilt316_16	8	4	18904372.00	619.90
stilt316_16	8	5	18904372.00	619.90
stilt316_16	8	6	18741818.00	624.37
stilt316_16	8	7	18741818.00	620.67
stilt316_16	8	8	18741818.00	625.17
stilt316_16	8	9	18741818.00	623.25
stilt316_16	8	10	18741818.00	626.83
stilt316_17	2	1	4576194.00	43.66
stilt316_17	2	2	4576194.00	44.21
stilt316_17	2	3	4576194.00	44.09
stilt316_17	2	4	4585642.00	43.94
stilt316_17	2	5	4576194.00	43.94
stilt316_17	2	6	4576194.00	43.77
stilt316_17	2	7	4609131.00	43.69
stilt316_17	2	8	4585642.00	43.92
stilt316_17	2	9	4576194.00	44.08
stilt316_17	2	10	4585642.00	43.89
stilt316_17	5	1	12383291.00	184.06
stilt316_17	5	2	12085774.00	157.04
stilt316_17	5	3	11962944.00	156.84
stilt316_17	5	4	12383291.00	185.29
stilt316_17	5	5	12383291.00	184.34
stilt316_17	5	6	12085774.00	157.72
stilt316_17	5	7	12148558.00	159.31
stilt316_17	5	8	12085774.00	156.90
stilt316_17	5	9	12138954.00	158.52
stilt316_17	5	10	12383291.00	183.57
stilt316_17	8	1	19542664.00	608.67
stilt316_17	8	2	18924592.00	536.78
stilt316_17	8	3	19542664.00	602.61
stilt316_17	8	4	19229004.00	539.07
stilt316_17	8	5	19542664.00	604.35
stilt316_17	8	6	19542664.00	597.29
stilt316_17	8	7	19153152.00	573.02
stilt316_17	8	8	19229004.00	544.82
stilt316_17	8	9	19542664.00	606.47
stilt316_17	8	10	19857456.00	569.37
stilt316_18	2	1	4588843.00	51.93
stilt316_18	2	2	4590515.00	51.93
stilt316_18	2	3	4588843.00	51.91
stilt316_18	2	4	4590515.00	52.16
stilt316_18	2	5	4590515.00	52.42
stilt316_18	2	6	4588843.00	51.55
stilt316_18	2	7	4590515.00	51.60
stilt316_18	2	8	4590515.00	52.47
stilt316_18	2	9	4588843.00	52.68
stilt316_18	2	10	4590515.00	51.97
stilt316_18	5	1	10915578.00	161.29
stilt316_18	5	2	10915578.00	161.71
stilt316_18	5	3	10915578.00	161.59
stilt316_18	5	4	10915578.00	161.04
stilt316_18	5	5	10915578.00	161.20
stilt316_18	5	6	10915578.00	161.06
stilt316_18	5	7	10915578.00	162.32
stilt316_18	5	8	11034722.00	162.93
stilt316_18	5	9	10915578.00	160.94
stilt316_18	5	10	10915578.00	162.75
stilt316_18	8	1	18580260.00	623.09
stilt316_18	8	2	18219132.00	614.25
stilt316_18	8	3	18690020.00	618.84
stilt316_18	8	4	18375730.00	616.00
stilt316_18	8	5	18690020.00	616.23
stilt316_18	8	6	18508106.00	623.11
stilt316_18	8	7	18508106.00	618.68
stilt316_18	8	8	18398004.00	624.31
stilt316_18	8	9	18690020.00	626.31
stilt316_18	8	10	18375730.00	616.43
stilt316_19	2	1	4787691.00	50.83
stilt316_19	2	2	4787691.00	50.89
stilt316_19	2	3	4787691.00	50.85
stilt316_19	2	4	4787691.00	50.76
stilt316_19	2	5	4787691.00	51.51
stilt316_19	2	6	4873406.00	51.36
stilt316_19	2	7	4787691.00	50.81
stilt316_19	2	8	5013538.00	51.55
stilt316_19	2	9	4787691.00	50.64
stilt316_19	2	10	4873406.00	51.05
stilt316_19	5	1	10820608.00	149.63
stilt316_19	5	2	10858842.00	147.17
stilt316_19	5	3	10820608.00	147.17
stilt316_19	5	4	10858842.00	146.25
stilt316_19	5	5	10820608.00	148.17
stilt316_19	5	6	10858842.00	145.53
stilt316_19	5	7	10858842.00	148.25
stilt316_19	5	8	10820608.00	148.71
stilt316_19	5	9	10858842.00	145.51
stilt316_19	5	10	10858842.00	146.86
stilt316_19	8	1	18245970.00	515.72
stilt316_19	8	2	17649462.00	468.65
stilt316_19	8	3	17656220.00	500.82
stilt316_19	8	4	18245970.00	520.85
stilt316_19	8	5	18245970.00	520.14
stilt316_19	8	6	17656220.00	499.57
stilt316_19	8	7	17865980.00	519.43
stilt316_19	8	8	17811658.00	501.51
stilt316_19	8	9	18245970.00	514.78
stilt316_19	8	10	18245970.00	520.02
td100_1	2	1	37503.00	0.68
td100_1	2	2	37503.00	0.67
td100_1	2	3	37503.00	0.66
td100_1	2	4	37503.00	0.68
td100_1	2	5	37503.00	0.68
td100_1	2	6	37503.00	0.66
td100_1	2	7	37503.00	0.68
td100_1	2	8	37503.00	0.67
td100_1	2	9	37503.00	0.67
td100_1	2	10	37503.00	0.67
td100_1	5	1	90100.00	0.89
td100_1	5	2	88291.00	0.90
td100_1	5	3	90100.00	0.87
td100_1	5	4	90100.00	0.90
td100_1	5	5	89839.00	0.91
td100_1	5	6	90100.00	0.89
td100_1	5	7	89770.00	0.89
td100_1	5	8	90100.00	0.88
td100_1	5	9	89839.00	0.91
td100_1	5	10	90094.00	0.90
td100_1	8	1	159478.00	4.71
td100_1	8	2	159478.00	4.70
td100_1	8	3	159478.00	4.69
td100_1	8	4	159478.00	4.68
td100_1	8	5	159478.00	4.71
td100_1	8	6	159478.00	4.76
td100_1	8	7	159478.00	4.69
td100_1	8	8	159478.00	4.73
td100_1	8	9	159478.00	4.70
td100_1	8	10	159478.00	4.68
td316_10	2	1	79004.00	22.43
td316_10	2	2	79004.00	22.15
td316_10	2	3	79004.00	22.12
td316_10	2	4	79004.00	22.07
td316_10	2	5	79004.00	22.24
td316_10	2	6	79004.00	22.43
td316_10	2	7	79004.00	22.16
td316_10	2	8	79004.00	22.15
td316_10	2	9	79004.00	22.47
td316_10	2	10	79004.00	22.11
td316_10	5	1	210983.00	68.86
td316_10	5	2	210631.00	69.64
td316_10	5	3	210631.00	70.32
td316_10	5	4	210678.00	68.97
td316_10	5	5	211023.00	69.08
td316_10	5	6	210631.00	70.00
td316_10	5	7	208388.00	69.84
td316_10	5	8	210631.00	69.93
td316_10	5	9	210631.00	70.22
td316_10	5	10	210631.00	69.99
td316_10	8	1	395581.00	269.55
td316_10	8	2	396252.00	269.24
td316_10	8	3	396551.00	267.82
td316_10	8	4	395581.00	267.55
td316_10	8	5	397012.00	270.44
td316_10	8	6	395581.00	270.45
td316_10	8	7	395581.00	271.50
td316_10	8	8	396049.00	268.76
td316_10	8	9	396680.00	269.77
td316_10	8	10	395946.00	277.35
